4573630275590,5741,ハンドル付シームレスボトル360ml,株式会社ハック,,48,895
4573630273312,5424,ストロータンブラーアクアジュエル,株式会社ハック,,36,550
4573630271615,5160,ハンドル付き真空ステンレスボトル350ml　黒,株式会社ハック,,48,495
4573630271622,5161,ハンドル付き真空ステンレスボトル350ml　ベージュ,株式会社ハック,,48,495
4573630271639,5162,ハンドル付き真空ステンレスボトル600ml　黒,株式会社ハック,,36,595
4573630271646,5163,ハンドル付き真空ステンレスボトル600ml　ベージュ,株式会社ハック,,36,595
4573110536586,4251,2WAY真空ボトル デュラブル,株式会社ハック,,48,595
4573630270526,4966,2WAY真空ボトル デュラブル 800,株式会社ハック,,36,695
4573110539655,4782,冷蔵庫に置いたまま注げるドリンクサーバー３L,株式会社ハック,,48,480
4573630274852,5650,冷蔵庫における米びつ2Kg,株式会社ハック,,32,380
4573630275934,5788,らくらく洗米ポット,株式会社ハック,,36,320
4573630274487,5613,レンジで使える2段せいろ,株式会社ハック,,24,550
4573630276771,5899,モチッフワッ！トーストバッグ,株式会社ハック,,120,168
4573630275781,5767,コンロ排気カバー63cm　ホワイト,株式会社ハック,,24,550
4573630275798,5768,コンロ排気カバー63cm　ブラック,株式会社ハック,,24,550
4573630275446,5721,広げて使う水切りトレー,株式会社ハック,,72,295
4573630275125,5679,引っ張りチョッパー500ml,株式会社ハック,,72,220
4573630275132,5680,引っ張りチョッパー900ml,株式会社ハック,,48,320
4573630275743,5762,3WAYプレスチョッパー,株式会社ハック,,24,995
4573630276221,5832,3WAY回転ピーラー,株式会社ハック,,72,165
4573110537798,4454,4WAYマルチ解凍プレート,株式会社ハック,,24,595
4573630272483,5284,4WAY解凍マルチプレートワイドサイズ,株式会社ハック,,20,750
4573110535725,4150A,デジタルキッチンスケール3.05kg,株式会社ハック,,48,580
4573630273572,5464A,充電式ハンディシーラー,株式会社ハック,,72,250
4573630271080,5084,電子レンジがきれいになるスチーム富士山,株式会社ハック,,48,250
4573630277198,5956A,黄金カニ型カップラーメンタイマー,株式会社ハック,,48,580
4573630271356,5119A,カニ型カップラーメンタイマー,株式会社ハック,,48,580
4573110526617,2966A,ちょこっと家電　　おひとり様グリル鍋,株式会社ハック,,24,1,280
4573630273770,5500A,2合炊きマルチ炊飯器,株式会社ハック,,16,1,850
4573110531536,3585A,ポップコーンメーカー,株式会社ハック,,8,2,680
4573110529854,3343A,あめからつくれる わたあめメーカー,株式会社ハック,,8,3,280
4573630273091,5381,伸縮回転電撃殺虫ロングラケット,株式会社ハック,,24,895
4573630270618,4986A,超音波式虫よけコンセントライト,株式会社ハック,,72,350
4573630274173,5563,冷気/暖気対策カーテンライナー,株式会社ハック,,48,480
4573630270748,5005,アルミエコ保温シート2帖用,株式会社ハック,,32,450
4573630274012,5539,アルミエコ浴槽保温シート,株式会社ハック,,30,295
4573630275293,5698,結露吸水テープ4ｍ,株式会社ハック,,72,250
4573630271554,5152,フットリフレッシュブラシ,株式会社ハック,,48,295
4573630275835,5772,2WAYブラシ ヘッド＆ボディ　ピンク,株式会社ハック,,60,295
4573630275842,5773,2WAYブラシ ヘッド＆ボディ　グレー,株式会社ハック,,60,295
4573630275316,5700,バスリラックスピロー,株式会社ハック,,36,450
4573630271431,5131,ネックストレッチピロー,株式会社ハック,,24,450
4573630276405,5852,超刺激グリグリ足つぼサンダル,株式会社ハック,,24,895
4573110ｰ529601,3312,爽快気持ちィ～！足つぼマット,株式会社ハック,,24,595
4573630276603,5876,マルチフィットネスチューブ,株式会社ハック,,32,450
4573630276153,5823,リフレッシュローラー,株式会社ハック,,36,450
4573630276290,5841,フットリフレッシャー,株式会社ハック,,48,395
4573630276856,5913,美鼻クリップ　女性用,株式会社ハック,,60,220
4573630276924,5920,美鼻クリップ　男性用,株式会社ハック,,60,220
4573630276351,5847,ぐいぐいネックリフレッシャー,株式会社ハック,,12,1,950
4573630271448,5134A,ヘッドリフレッシャー,株式会社ハック,,48,795
4573630270588,4977A,充電式ポータブルエアーフットケア,株式会社ハック,,12,1,995
4573630276023,5803,メタルカッサ＆ローラレリヴァ,株式会社ハック,,48,595
4573630275279,5696,うぶ毛＆かかとケアトリマー　ゴールド,株式会社ハック,,48,280
4573630275804,5769,うぶ毛＆かかとケアトリマー　シルバー,株式会社ハック,,48,280
4573630275552,5737A,USB給電式温活アイマスク,株式会社ハック,,48,680
4573630275965,5792,ぬくみみウォーマー ラベンダー,株式会社ハック,,48,550
4573630275972,5793,ぬくみみウォーマー グリーン,株式会社ハック,,48,550
4573630276344,5846,おやすみかかとソックス,株式会社ハック,,72,240
4573630276597,5875,クロムメッキヘアコーム,株式会社ハック,,48,595
4573630274449,5611A,スリムヘアアイロン,株式会社ハック,,48,680
4573630275255,5694A,コームヘアアイロン,株式会社ハック,,48,750
4573630276085,5812,ホットアイラッシュカーラー,株式会社ハック,,72,250
4573630274708,5630A,ネイルトリマー,株式会社ハック,,72,350
4573630272780,5322,LEDライト付ねこちゃんスタンドミラー,株式会社ハック,,48,450
4573110539051,4680A,充電式ノーズトリマー,株式会社ハック,,48,350
4573110‐535947,4183A,USB充電式ミニシェーバーブラック,株式会社ハック,,48,350
4573630273947,5527A,電池式3WAYフェイシャルトリマーセット,株式会社ハック,,48,450
4573630270595,4981A,カメラ付きスマート耳かきイヤーピーク,株式会社ハック,,48,650
4573110538931,4664,引っ張りホールド骨盤ベルト M,株式会社ハック,,48,395
4573110538948,4665,引っ張りホールド骨盤ベルト L,株式会社ハック,,48,395
4573110538955,4666,引っ張りホールド骨盤ベルト XL,株式会社ハック,,48,395
4573630270199,4902,異次元ホールド骨盤サポーター M,株式会社ハック,,36,895
4573630270205,4903,異次元ホールド骨盤サポーター L,株式会社ハック,,36,895
4573630270212,4904,異次元ホールド骨盤サポーター XL,株式会社ハック,,36,895
4573630272643,5306,スーパースリム骨盤サポーターM,株式会社ハック,,48,795
4573630272650,5307,スーパースリム骨盤サポーターL,株式会社ハック,,48,795
4573630272667,5308,スーパースリム骨盤サポーターXL,株式会社ハック,,48,795
4573630270298,4912,手首サポーター,株式会社ハック,,48,250
4573630270250,4908,肘サポーター M,株式会社ハック,,48,295
4573630270267,4909,肘サポーター L,株式会社ハック,,48,295
4573630270274,4910,肘サポーター XL,株式会社ハック,,48,295
4573630270281,4911,足首サポーター,株式会社ハック,,48,295
4573630270229,4905,膝サポーター M,株式会社ハック,,48,295
4573630270236,4906,膝サポーター L,株式会社ハック,,48,295
4573630270243,4907,膝サポーター XL,株式会社ハック,,48,295
4573630271073,5078,土踏まずサポーター,株式会社ハック,,72,250
4573630270892,5042,猫背サポーターM,株式会社ハック,,48,250
4573630270908,5043,猫背サポーターL,株式会社ハック,,48,250
4573630270540,4972,腰サポートチェア,株式会社ハック,,24,580
4573630274166,5562,腰サポートチェアーブラック,株式会社ハック,,24,580
4573630275996,5795,折りたたみ腰サポートチェア,株式会社ハック,,24,850
4573630275989,5794,どこでも貼れる両面ナノテープ付き マグネットソーラーセンサーライトBK,株式会社ハック,,48,480
4573110539518,4754,どこでも貼れる両面ナノテープ付き マグネットソーラーセンサーライト,株式会社ハック,,48,480
4573630270021,4868,どこでも貼れる両面ナノテープ付き 100LEDソーラーセンサーライト,株式会社ハック,,48,395
4573630276733,5895A,ソーラー充電式miniクリップセンサーライト,株式会社ハック,,48,395
4573630276078,5811,ワイドセンサーライト32cm,株式会社ハック,,48,695
4573110539273,4715,3色切替センサーライト,株式会社ハック,,48,250
4573110539907,4850,電池式白色BIGセンサーライト,株式会社ハック,,48,395
4573630273046,5376,電池式2WAYライト,株式会社ハック,,48,295
4573630274029,5540A,マルチ機能搭載3WAYカラビナライト,株式会社ハック,,72,320
4573630273695,5492,USB充電式　伸縮・調光 暖色ライト,株式会社ハック,,48,380
4573630276412,5853,マルチビームライト,株式会社ハック,,24,850
4573630275477,5724,スライドランタンライト,株式会社ハック,,48,395
4573630273398,5440,電池式コンビライト,株式会社ハック,,48,395
4573630275309,5699,ソーラーガーデンライト,株式会社ハック,,72,280
4573630275538,5733,ソーラー充電式マッシュルームガーデンライト,株式会社ハック,,48,450
4573110532472,3698A,2WAYソーラー殺虫ライト,株式会社ハック,,48,295
4573110538610,4598A,LED/殺虫ﾓｰﾄﾞ搭載　ｿｰﾗｰ充電式ｶﾞｰﾃﾞﾝﾗｲﾄ,株式会社ハック,,36,495
4573630275897,5781,伸縮散水ホース12ｍ,株式会社ハック,,24,625
4573630276276,5839,やわらかクッションひざパッド2P,株式会社ハック,,60,280
4573630275460,5723,作業用ひざパット2Pセット,株式会社ハック,,48,695
4573110538177,4525,クマよけの鈴,株式会社ハック,,48,220
4573630273350,5428,害獣対策スプレー,株式会社ハック,,96,250
4573630271592,5156,お庭の睨み番ギラギラくん,株式会社ハック,,24,895
4573630271516,5143,ちょこっと組立式お庭の見張り番オニヤンマ3匹セット,株式会社ハック,,72,250
4573630272742,5318,いっしょにおでかけリアルカマカマくん,株式会社ハック,,48,420
4573110530768,3466,お出かけのお守り　オニヤンマ,株式会社ハック,,48,420
4573110537095,4346,お出かけのお守り　どでかオニヤンマ,株式会社ハック,,48,580
4573630272551,5295,オニヤンマ虫コマシール24P,株式会社ハック,,240,65
4573110530713,3457,ポイズンリムーバー,株式会社ハック,,72,280
4573110539228,4710A,ストップタッチペン,株式会社ハック,,48,480
4573630275347,5704A,ひと目で分かる温湿度計,株式会社ハック,,48,450
4573630274470,5612A,ワイヤレス屋内/屋外温湿度計,株式会社ハック,,24,1,280
4573630273596,5467,UPF50+ 晴雨兼用 折りたたみ傘 (ブラック),株式会社ハック,,48,595
4573630273602,5468,UPF50+ 晴雨兼用 折りたたみ傘(グレージュ),株式会社ハック,,48,595
4573630273619,5469,UPF50+ 晴雨兼用 折りたたみ傘(ピンク),株式会社ハック,,48,595
4573630272285,5239,カラビナ付き晴雨兼用ワンタッチ傘（ブラック）,株式会社ハック,,48,695
4573630272292,5240,カラビナ付き晴雨兼用ワンタッチ傘（ベージュ）,株式会社ハック,,48,695
4573630274067,5545,ポータブルレインポンチョ,株式会社ハック,,96,295
4573630276122,5816,反射板付き防水リュックカバー,株式会社ハック,,60,350
4573630272452,5271,吸水速乾レインウェア収納ケース,株式会社ハック,,48,450
4573110539464,4606A,エマージェンシーソーラーパネルネオ,株式会社ハック,,48,495
4573110531772,3615A,ハイパワーメガソーラーパネル,株式会社ハック,,24,695
4573630272537,5290A,超薄型ソーラーパネル2.5mm,株式会社ハック,,48,795
4573630273763,5499,マチ付き防炎バッグ,株式会社ハック,,48,850
4573630272889,5333,防炎ポーチ　シルバー,株式会社ハック,,48,450
4573630273930,5525,防炎ポーチ　ブラック,株式会社ハック,,48,450
4573630276214,5831,折りたたみ充電スタンド,株式会社ハック,,96,195
4573630276207,5830,マグネットフラットケーブル,株式会社ハック,,72,450
4573110539853,4831,4in1ケーブル  3m,株式会社ハック,,48,450
4573110538467,4573A,15W急速充電ワイヤレス充電器＋Type-C　1ｍケーブル,株式会社ハック,,48,395
4573630275873,5778A,巻取式オールインワンケーブルセット,株式会社ハック,,48,495
4573110539631,4769A,オールマイトデータケーブルNEO,株式会社ハック,,48,295
4573630272858,5329A,AC電源急速充電器,株式会社ハック,,48,450
4573630274395,5601A,半固体電池モバイルバッテリー10000ｍAh,株式会社ハック,,24,1,680
4573630274913,5656A,半固体電池4種ケーブル内蔵モバイルバッテリー10000ｍAh,株式会社ハック,,24,1,950
4573110537668,4433A,ワイヤレスイヤフォンナノスノウ,株式会社ハック,,48,550
4573110539105,4687A,ワイヤレスステレオイヤフォンエアーフィットプロ9H,株式会社ハック,,48,695
4573630275859,5775A,ワイヤレスイヤフォン　にゃ～ふぉん,株式会社ハック,,48,695
4573630276467,5862A,イヤモニスタイル有線イヤフォン　ブラック,株式会社ハック,,72,450
4573630276474,5863A,イヤモニスタイル有線イヤフォン　レッド,株式会社ハック,,72,450
4573630271059,5076A,ハンズフリーイヤフォンエアリンク黒,株式会社ハック,,96,250
4573630271066,5077A,ハンズフリーイヤフォンエアリンク白,株式会社ハック,,96,250
4573630275880,5780A,オープンイヤー型ワイヤレスヘッドフォン,株式会社ハック,,24,895
4573630272919,5344A,スマートサングラス,株式会社ハック,,48,695
4573630274548,5619A,タッチパネル搭載スマートウォッチ,株式会社ハック,,48,895
4573630274814,5646,ペルチェ冷却スマホクーラー,株式会社ハック,,48,695
4573630273862,5515A,マグネットワイヤレススピーカー,株式会社ハック,,60,480
4573630270496,4962A,音くっきりスピーカー楽テレくん,株式会社ハック,,24,1,150
4573630277099,5941,スマートガラスフィルムキット　iPhone15/16用,株式会社ハック,,72,250
4573630277105,5942,スマートガラスフィルムキット　iPhone17用,株式会社ハック,,72,250
4573630277051,5937,スマペタマグ　ブラック,株式会社ハック,,72,380
4573630277068,5938,スマペタマグ　ホワイト,株式会社ハック,,72,380
4573630277075,5939,スマペタスタンド　ブラック,株式会社ハック,,72,295
4573630277082,5940,スマペタスタンド　ホワイト,株式会社ハック,,72,295
4573630276245,5835A,デジタルカメラスナップミニ,株式会社ハック,,48,995
4573630275729,5760A,2WAYワイヤレスマウス　サイレントプロ,株式会社ハック,,48,450
4573630271134,5089,2WAYソーラービッグ電卓,株式会社ハック,,48,395
4573110537347,4380A,ナノサーチタグ　白,株式会社ハック,,48,495
4573110537552,4418A,ナノサーチタグ　黒,株式会社ハック,,48,495
4573110536142,4203A,スマートサーチタグ　白,株式会社ハック,,24,695
4573110536159,4204A,スマートサーチタグ　黒,株式会社ハック,,24,695
4573630270946,5053A,Android専用サーチタグ白,株式会社ハック,,48,595
4573630270953,5054A,Android専用サーチタグ黒,株式会社ハック,,48,595
4573110270694,4997A,ワイヤレス充電薄型サーチタグ,株式会社ハック,,24,695
4573630276184,5827,スキミング防止カードケース,株式会社ハック,,72,195
4573110530799,3468,完全プライベートワイド着替えテント,株式会社ハック,,6,2,950
4573630274159,5561,シュラフ,株式会社ハック,,24,895
4573110537071,4343,ポータブル非常用トイレ,株式会社ハック,,48,450
4573630270724,5000,組み立て式簡易トイレ,株式会社ハック,,10,1,680
4573630270557,4973A,ソーラー充電センサー式リアル防犯ダミーカメラ,株式会社ハック,,48,450
4573110539693,4795,３ＷＡＹペットキャリー　防災１８点セット わんちゃん用（GY）,株式会社ハック,,8,3,510
4573110539709,4796,３ＷＡＹペットキャリー　防災１８点セット わんちゃん用（BE）,株式会社ハック,,8,3,510
4573110539679,4790,３ＷＡＹペットキャリー 防災１８点セット ねこちゃん用（GY）,株式会社ハック,,8,3,960
4573110539686,4791,３ＷＡＹペットキャリー 防災１８点セット ねこちゃん用（BE）,株式会社ハック,,8,3,960
4573630270151,4889A,WIFIライブカメラ,株式会社ハック,,24,1,480
4573630273589,5466A,WIFI見守りカメラNEO,株式会社ハック,,48,995
4573630271493,5141A,WIFIピタッとカメラ,株式会社ハック,,48,595
4573630276580,5874A,5WAYスティック＆ハンディクリーナー,株式会社ハック,,20,1,280
4573110533561,3842A,USB充電式 ２WAYハンディクリーナー,株式会社ハック,,48,495
4573630271158,5091A,3in1スリムハンディクリーナー(4200Pa),株式会社ハック,,48,695
4573110535183,4056A,USB充電式 ６WAYクリーナー,株式会社ハック,,24,850
4573630276443,5860,ワイヤー式パイプクリーナー,株式会社ハック,,72,250
4573630275637,5750,コードレス電動ポリッシャー,株式会社ハック,,48,650
4573630274234,5574,マイクロファイバースプレーモップ,株式会社ハック,,24,550
4573630271561,5153,のこぎり＆カッター,株式会社ハック,,72,220
4573630274081,5547,マルチデスク,株式会社ハック,,24,550
4573110‐535206,4058,珪藻土ソフトバスマット　グレー,株式会社ハック,,48,395
4573110539501,4753,珪藻土ソフトバスマット　ベージュ,株式会社ハック,,48,395
4573630272582,5300,宅配ボックス,株式会社ハック,,12,1,480
4573630275361,5708,フリーカットインソール150ｃｍ,株式会社ハック,,96,145
4573630275545,5734,かがまず快適ロング靴べら,株式会社ハック,,48,380
4573110530621,3448,ウォーキングステッキ,株式会社ハック,,48,495
4573630271974,5207,シリコンカバー付き花粉対策メガネ,株式会社ハック,,48,380
4573630270380,4929,無段階ベルト（ブラック）,株式会社ハック,,48,480
4573630270397,4930,無段階ベルト（ブラウン）,株式会社ハック,,48,480
4573630273657,5477,IPX7　クリア防水バッグ,株式会社ハック,,48,395
4573630272421,5264,折りたたみキャリーカート,株式会社ハック,,36,750
4573110539723,4798,簡単！折りたたみポケットチェア　ベージュ,株式会社ハック,,32,450
4573110539730,4799,簡単！折りたたみポケットチェア　ブラック,株式会社ハック,,32,450
4573630273442,5448,ショルダー型折りたたみチェア　ベージュ,株式会社ハック,,36,495
4573630273459,5449,ショルダー型折りたたみチェア　ブラック,株式会社ハック,,36,495
4589421504848,HAC2-0555,かんたん吊り下げエアコン風よけカバー,株式会社ハック,,24,480
4573630272926,5345,日よけサンシェード,株式会社ハック,,60,295
4573630272933,5346,ワイド日よけサンシェード,株式会社ハック,,40,480
4573630275569,5738,2WAYスプレー氷のう,株式会社ハック,,48,420
4573110535763,5389,超冷却ネックアイスバッグ,株式会社ハック,,48,395
4573630272353,5256,冷感ジャンボポンチョ (ブルー),株式会社ハック,,48,795
4573630272360,5257,冷感ジャンボポンチョ (グレー),株式会社ハック,,48,795
4573630272988,5368A,猛暑対策ウォッチ,株式会社ハック,,48,895
4573630273893,5519,ピッタリ保温保冷クロス42x42cm,株式会社ハック,,72,350
4573110539280,4716,アイスパック2P,株式会社ハック,,96,380
4573630274272,5582A,ワイドフローハンディファンホワイト,株式会社ハック,,48,795
4573630272296,5583A,ワイドフローハンディファンブルー,株式会社ハック,,48,795
4573630275613,5746A,大風量ポケットファン,株式会社ハック,,58,495
4573630271851,5180A,ハイパワークリップファン,株式会社ハック,,24,1,280
4573630272230,5234A,カラビナ付きペルチェファン,株式会社ハック,,48,695
4573630271820,5177A,3WAYフレキシマグファン,株式会社ハック,,48,795
4573630274920,5658,レースリボン付三つ編みショルダーストラップ　ﾋﾟﾝｸ,株式会社ハック,,120,295
4573630274944,5660,レースリボン付三つ編みショルダーストラップ ﾌﾞﾗｯｸ,株式会社ハック,,120,295
4573630274937,5659,レースリボン付三つ編みショルダーストラップ ﾊﾟｰﾌﾟﾙ,株式会社ハック,,120,295
4573630274951,5661,レースリボン付三つ編みショルダーストラップ ﾍﾞｰｼﾞｭ,株式会社ハック,,120,295
4573630274968,5662,リボン付きレザー調ハンズストラップ  ﾊﾟｰﾌﾟﾙ,株式会社ハック,,120,295
4573630274999,5665,リボン付きレザー調ハンズストラップ ｸﾞﾚｰ,株式会社ハック,,120,295
4573630274975,5663,リボン付きレザー調ハンズストラップ ﾍﾞｰｼﾞｭ,株式会社ハック,,120,295
4573630275002,5666,リボン付きレザー調ハンズストラップ ﾌﾞﾗｯｸ,株式会社ハック,,120,295
4573630274982,5664,リボン付きレザー調ハンズストラップ ﾌﾞﾗｳﾝ,株式会社ハック,,120,295
4573630275019,5667,パール付きレザー調ハンドストラップ ﾋﾟﾝｸ,株式会社ハック,,120,295
4573630275040,5670,パール付きレザー調ハンドストラップ ﾍﾞｰｼﾞｭ,株式会社ハック,,120,295
4573630275026,5668,パール付きレザー調ハンドストラップ ﾊﾟｰﾌﾟﾙ,株式会社ハック,,120,295
4573630275057,5671,パール付きレザー調ハンドストラップ  ﾌﾞﾗｳﾝ,株式会社ハック,,120,295
4573630275033,5669,パール付きレザー調ハンドストラップ ﾎﾜｲﾄ,株式会社ハック,,120,295
4573630275064,5672,パール付きレザー調ハンドストラップ ｸﾞﾚｰ,株式会社ハック,,120,295
4573630276238,5833,推し活ミニチャームコレクションスタンド,株式会社ハック,,50,350
4573630277112,5948,推し活スライドチャームケース,株式会社ハック,,24,650
4573630276931,5921,推し活2段回転チャームディスプレイスタンド,株式会社ハック,,48,395
4573630277211,5958,推し活360°回転ディスプレイタワー,株式会社ハック,,48,450
4573630274838,5648,推し活フィギュアディスプレースタンド,株式会社ハック,,72,350
4573630275439,5720,推し活くるっとまわせるディスプレイケース,株式会社ハック,,24,750
4573630275576,5739,お約束チェックボックス,株式会社ハック,,32,895
4573630276559,5871,卓上噴水　水簾,株式会社ハック,,36,495
4573630276566,5872,卓上噴水　禅庭,株式会社ハック,,36,495
4573630273565,5463,プラズマボールライト,株式会社ハック,,48,625
4573630273268,5419,レインボータワーライト,株式会社ハック,,48,695
4573630272803,5324A,巻き取り式４in１カーチャージャー,株式会社ハック,,48,950
4573630270465,4957,断熱カーテンライナー,株式会社ハック,,48,480
4573110539914,4852,２枚組マグネット取り付けカーテン,株式会社ハック,,48,380
4573630273886,5518,ピッタリ保温保冷クロス30x30cm,株式会社ハック,,96,220
4573110536791,4298A,蓄熱式湯たんぽポカヌック　（アッシュブラウン）,株式会社ハック,,24,895
4573630276071,5673A,ハンドポケット付蓄熱式湯たんぽ,株式会社ハック,,24,995
4573630270816,5016A,注湯式湯たんぽ　ねこたんぽ,株式会社ハック,,48,750
4573630275149,5681A,注湯式ふわっじゅわっエビフライ湯たんぽ,株式会社ハック,,24,750
4573630271585,5155A,両面発熱タイプECOウォーマー,株式会社ハック,,48,550
4573630275286,5697A,マグフィットカイロ,株式会社ハック,,48,695
4573630275453,5726A,USB充電式ネックウォーマー,株式会社ハック,,48,950
4573630275262,5695A,USB給電式ヒーターベスト,株式会社ハック,,24,1,580
4573630276030,5805,スマートフォン対応極厚ボアグローブ　ブラック,株式会社ハック,,48,380
4573630276047,5806,スマートフォン対応極厚ボアグローブ　グレー,株式会社ハック,,48,380
4573630275422,5719,ぬくっとふんわりルームブーツ,株式会社ハック,,48,495
4573630275378,5709,あったかふんわりブランケット ホットブラン,株式会社ハック,,24,850
4573630275170,5684,着るフランネル毛布,株式会社ハック,,32,895
4573630275958,5790A,USB給電式ツインミスト加湿器　ピュアホワイト,株式会社ハック,,24,750
4573630276115,5815A,USB給電式ツインミスト加湿器　ディープブラック,株式会社ハック,,24,750
4573110535688,4139A,USB充電式毛玉取り器,株式会社ハック,,48,495
4573630275095,5675A,安全装置付き電池式毛玉取り器　ホワイト,株式会社ハック,,48,320
4573630275101,5676A,安全装置付き電池式毛玉取り器　ベージュ,株式会社ハック,,48,320
4573630274173,5563,冷気/暖気対策カーテンライナー,株式会社ハック,,48,480
4573630270748,5005,アルミエコ保温シート2帖用,株式会社ハック,,32,450
4573630274012,5539,アルミエコ浴槽保温シート,株式会社ハック,,30,295
4573630275293,5698,結露吸水テープ4ｍ,株式会社ハック,,72,250
4573110537507,4397,高圧洗浄ノズル,株式会社ハック,,36,495
4573630270533,4971,回転流水付きマルチノズル,株式会社ハック,,48,650
4573630274289,5581,マイクロファイバー本格洗車セット,株式会社ハック,,24,695
4573110538764,4620,マイクロファイバースーパーロングタオル,株式会社ハック,,72,395
4573630275156,5682A,保冷保温DC対応車用ドリンクホルダー,株式会社ハック,,12,2,950
4573630273435,5447,スマホスタンド付き車用すべり止めマット,株式会社ハック,,48,380
4573630274258,5578,シートボックスクッション,株式会社ハック,,24,1,250
4573630275521,5730A,12V車用100Wマルチパワーインバーター,株式会社ハック,,12,2,500
4573630274623,5621A,フロントリア両用カーチャージャー,株式会社ハック,,48,550
4573630274036,5541A,TypeCx2　4in1巻取式カーチャージャー,株式会社ハック,,48,795
4573630274043,5542A,TypeCx1/IOS端子ｘ1　4in1巻取式カーチャージャー,株式会社ハック,,48,795
4573110538825,4642,フレキシブルスマホホルダー,株式会社ハック,,48,280
4573630274630,5622,ワンタッチロックスマホホルダー,株式会社ハック,,48,495
4573630276573,5873,車用強力マグネットスマホホルダー,株式会社ハック,,48,550
4573630274104,5549,後部座席用ポケット付き汚れ防止カバー,株式会社ハック,,48,395
4573630275866,5777,サンバイザーマルチ収納ポケット,株式会社ハック,,96,295
4573630275163,5683,車用ヘッドレストサイドクッション,株式会社ハック,,18,1,450
4573630272872,5332,折りたたみ後部座席テーブル,株式会社ハック,,24,495
4573110531475,3575,車用天井収納ネット,株式会社ハック,,48,580
4573630274432,5596,緊急ハンマーライト,株式会社ハック,,48,450
4573630272599,5301,傘型サンシェード用傷防止シリコンキャップ,株式会社ハック,,120,90
4573630272575,5297,傷防止シリコンキャップ付き傘型サンシェード軽自動車タイプ,株式会社ハック,,48,495
4573630272568,5235,傷防止シリコンキャップ付き傘型サンシェード 普通/ミニバンタイプ,株式会社ハック,,48,495
4573630270687,4995,傘型カーサンシェードNEO　軽自動車,株式会社ハック,,48,450
4573630270670,4994,傘型カーサンシェードNEO　普通車/ミニバン,株式会社ハック,,48,450
4573630276337,5845A,サーチタグ搭載カーチャージャー,株式会社ハック,,48,950
4573110538658,4603,簡単設置スッキリ収納カーサンシェード,株式会社ハック,,40,295
4573630273299,5422A,USB給電式 2WAYフレキシブルファン,株式会社ハック,,48,595
4573110539297,4718,自転車用スマホアームホルダー,株式会社ハック,,48,195
4573630272506,5287,9LEDアルミサイクルライト,株式会社ハック,,48,320
4573630271608,5159,自転車用超小型COBライト,株式会社ハック,,48,250
4573110539549,4758,4桁ダイヤル式ワイヤーロック  タフワイヤータイプ,株式会社ハック,,48,380
4573110523067,2388,アタッチメント付き自転車空気入れ,株式会社ハック,,48,395
4573110536692,4277,大型自転車カバー,株式会社ハック,,48,380
4573630272377,5255,キッズおかたずけチェア(乗り物）,株式会社ハック,,40,450
4573630272384,5258,キッズおかたずけチェア(スイーツ）,株式会社ハック,,40,450
4573630275644,5751,ボックススツールワイド　グレー,株式会社ハック,,20,850
4573630275651,5752,ボックススツールワイド　ブラウン,株式会社ハック,,20,850
4573630271011,5073,（ラックミ）２段伸縮スライドラック,株式会社ハック,,18,695
4573630270861,5057,（ラックミ）シンク下２段ラック,株式会社ハック,,16,695
4573630276191,5828,（ラックミ）シンク下スライドラック,株式会社ハック,,32,650
4573630273138,5385,（ラックミ）5連ワイドバスタオルラック,株式会社ハック,,36,650
4573630276283,5840,（ラックミ）キャスター付ランドリーラック,株式会社ハック,,24,795
4573110539266,4713,（ラックミ）4段スリムキャスターラック白,株式会社ハック,,32,650
4573110539259,4712,（ラックミ）4段スリムキャスターラック黒,株式会社ハック,,32,650
4573110539334,4723,（ラックミ）3段収納キャスターラック　白,株式会社ハック,,20,895
4573110539327,4722,（ラックミ）3段収納キャスターラック　黒,株式会社ハック,,20,895
4573630273701,5493,（ラックミ）3段ワゴンキャスターラック,株式会社ハック,,16,850
4573110529663,3321,（ラックミ）３段収納ボックスラック,株式会社ハック,,18,550
4573110530140,3379,（ラックミ）６段マルチラック,株式会社ハック,,16,750
4573110529847,3342,（ラックミ）８段マルチラック,株式会社ハック,,12,895
4573630273282,5421,（ラックミ）４段収納ワイドラック,株式会社ハック,,24,695
4573630275705,5758,（ラックミ）フック付きマルチラック,株式会社ハック,,24,850
4573630275712,5759,（ラックミ）3段ハンギングポールハンガー,株式会社ハック,,24,595
4573630271998,5209,（ラックミ）4段シューズラック,株式会社ハック,,32,350
4573110528291,3148,（ラックミ）傘掛け付シューズラック,株式会社ハック,,18,550
4573110533912,3892,（ラックミ）３段マルチスチールラック,株式会社ハック,,24,550
4573630272810,5326,ノンスリップテープ5㎝×5ｍ,株式会社ハック,,96,225
4573630272827,5327,ノンスリップトラテープ5㎝×5m,株式会社ハック,,96,225
4573630272834,5328,ノンスリップ蓄光テープ5㎝×2.5m,株式会社ハック,,96,320
4573630272896,5341,防水防汚コーナーテープ2m,株式会社ハック,,72,225
4573110539310,4721,剥がせる強力両面テープ1.5ｍ,株式会社ハック,,96,165
4573110538535,4590,RCスズキ ジムニー,株式会社ハック,,24,995
4573110539204,4708,RCミツビシ　デリカミニ,株式会社ハック,,24,995
4573110534957,4029,RCトヨタ  ランドクルーザー３００,株式会社ハック,,24,995
4573110537712,4441,RCトヨタ  アルファード,株式会社ハック,,24,995
4573110538542,4591,RCトヨタ  ハイエース,株式会社ハック,,24,995
4573630273466,5450,RCはたらくくるまコンテナトレーラー,株式会社ハック,,24,695
4573110538023,4494,緊急出動！RCはしご消防車,株式会社ハック,,24,650
4573110537255,4368,RCはしご消防車デラックスセット,株式会社ハック,,24,995
4573110536746,4288,RCリモートモーションショベルカー,株式会社ハック,,32,995
4573630274364,5592,RCクロスカントリークライマー,株式会社ハック,,60,395
4573630274425,5608,RCオフロードサスペンションバギー,株式会社ハック,,16,1,280
4573630274050,5544,RCクライムゲッコー,株式会社ハック,,24,1,380
4573630276429,5856,2ch赤外線ヘリ　スカイアロー,株式会社ハック,,24,895
4573110539754,4801,フライングヘリコプター,株式会社ハック,,48,420
4573630270472,4958,スピニングリアルUFO,株式会社ハック,,48,520
4573630271424,5128,スマホ空撮ドローン　スカイフォース,株式会社ハック,,24,1,450
4573630276535,5869,リアルダンプトラック,株式会社ハック,,48,395
4573110‐535800,4160,リアルショベルカー,株式会社ハック,,48,395
4573110536593,4258,リアルフォークリフト,株式会社ハック,,48,395
4573630274326,5585,リアル消防車,株式会社ハック,,48,450
4573110536555,4250,大集合プルバック建設車コレクションDX,株式会社ハック,,32,695
4573110536524,4247,DIYレスキューカー,株式会社ハック,,48,295
4573630271455,5135,サウンドフリクションカーミキサー車,株式会社ハック,,24,595
4573630271462,5136,サウンドフリクションカーはしご消防車,株式会社ハック,,24,595
4573630274456,5609,合体変形ビーグルロボ　ビルドカーVer,株式会社ハック,,20,695
4573630274463,5610,合体変形ビーグルロボ　レスキューカーVer,株式会社ハック,,20,695
4573630276610,5877,宇宙探検ロケットレールセット,株式会社ハック,,24,795
4573630274715,5629,DIYサイエンスキット,株式会社ハック,,48,495
4573630275767,5764,DIYスクイーズボールキット,株式会社ハック,,48,625
4573630274227,5573,ビジューアニマルチャームキット,株式会社ハック,,96,320
4573630274319,5584,DIYクリスタルクラフトキット,株式会社ハック,,48,480
4573630275354,5707,かたちいろあわせゲーム,株式会社ハック,,48,420
4573110528147,3129,タイムアタック！立体パズル,株式会社ハック,,48,450
4573110532502,3702,カラフルブロックタワー,株式会社ハック,,24,495
4573110536715,4281,パズルキューブ,株式会社ハック,,48,350
4580278049384,855,マグネットリバーシ,株式会社ハック,,36,480
4573630276740,5896,マグネット本格将棋,株式会社ハック,,36,480
4573630274210,5572,7in1マルチゲーム,株式会社ハック,,48,380
4573630274647,5623,バウンスパズルバトルゲーム,株式会社ハック,,36,450
4573110537729,4442,どでかダーツマジックボール,株式会社ハック,,32,480
4573630274203,5571,マグネットダーツタペストリー,株式会社ハック,,48,495
4573630274845,5649,スピードキャッチゲーム(リモコン付),株式会社ハック,,24,850
4573110533387,3821,どでかトランプ対戦 スピード編,株式会社ハック,,24,550
4573110535770,4157,おさかなつり,株式会社ハック,,36,395
4573630270809,5015,つりモグランド,株式会社ハック,,48,495
4573630276375,5849,カラフルブロック100P,株式会社ハック,,36,480
4573630276528,5868,デコピンバスターLITE,株式会社ハック,,24,995
4573630270335,4916,デコピンバスター,株式会社ハック,,12,1,650
4573630274739,5633,えいごのおべんきょうパッド　ブルー,株式会社ハック,,48,650
4573630274746,5634,えいごのおべんきょうパッド　ピンク,株式会社ハック,,48,650
4573110538283,4533A,キッズトイカメラNEO ブルー,株式会社ハック,,48,850
4573110538290,4534A,キッズトイカメラNEO ピンク,株式会社ハック,,48,850
4573630273374,5438,おえかきデスク ピンク,株式会社ハック,,24,625
4573630274906,5655,おえかきデスク ブルー,株式会社ハック,,24,625
4573110538726,4615,カラフルおえかきボード,株式会社ハック,,32,850
4573110535497,4106,カラフルツインマーカー 48色セット,株式会社ハック,,20,750
4573630273510,5456,水性ツインマーカー48色セット,株式会社ハック,,36,550
4573630273527,5457,水性アクリルマーカー80色セット,株式会社ハック,,24,650
4573630274401,5602,グリッターアクリルマーカー12色セット,株式会社ハック,,48,720
4573630274180,5564,どでかツインマーカー６色セット,株式会社ハック,,72,395
4573630274074,5546,どでかびっくりえんぴつ,株式会社ハック,,120,165
4573630270342,4917,マーブル色えんぴつ 8本セット,株式会社ハック,,72,280
4573630274111,5558,お絵かきアートセット68P ブルー,株式会社ハック,,36,395
4573630274128,5559,お絵かきアートセット68P　ピンク,株式会社ハック,,36,395
4573630271097,5085,エレクトリックグランドピアノ,株式会社ハック,,24,595
4573630274241,5577,エレクトリックアニマルピアノ,株式会社ハック,,48,420
4573630276368,5848A,エレクトリックキーボードグランディア,株式会社ハック,,32,995
4573630270878,5039,ラブリーキッズスタンドマイク,株式会社ハック,,24,695
4573630274722,5631,お家でなりきり 今日から大工さん,株式会社ハック,,48,350
4573110533684,3854,シークレットバンク,株式会社ハック,,24,795
4573630276177,5825,まねまねペンギンちゃん,株式会社ハック,,48,680
4573630276160,5824,まねまねクマさん,株式会社ハック,,48,680
4573110529908,3349,まねまねハムちゃん,株式会社ハック,,48,680
4573110539662,4789,まねまねラッコちゃん,株式会社ハック,,48,680
4573110539716,4797,まねまね豆しばくん,株式会社ハック,,48,680
4573630270731,5004,まねまねカピバラくん,株式会社ハック,,48,680
4573630275224,5691,ちょこんとおすわりキーウイちゃん35cm,株式会社ハック,,24,795
4573630271264,5107,ころころシマエナガちゃん55cm,株式会社ハック,,24,795
4573630217257,5106,ねそべりレッサーくん60cm,株式会社ハック,,24,795
4573630273848,5513,おすわりふわもふパンダちゃん（クロちゃん）,株式会社ハック,,24,795
4573630273855,5514,おすわりふわもふパンダちゃん（グレーちゃん）,株式会社ハック,,24,795
4573630275248,5693,ずっといつでもいっしょマメシバくん45cm,株式会社ハック,,24,795
4573630275231,5692,ずっといつでもいっしょシュナくん45cm,株式会社ハック,,24,795
4573110537606,4425,いつでもいっしょパグくん45cm,株式会社ハック,,24,795
4573630275217,5690,パステルなカラフルクマちゃん35cm,株式会社ハック,,24,795
4573110532496,3700,おっきなかわいいくまさん110cm,株式会社ハック,,8,2,950
4573630274531,5618,とことこうごくよティラノくん,株式会社ハック,,24,795
4573630271523,5145,わくわくキッズショッピングカート,株式会社ハック,,48,480
4573630274333,5586,スノープリンセスマジカルステッキ　ブルー,株式会社ハック,,48,550
4573630274340,5587,スノープリンセスマジカルステッキ　ピンク,株式会社ハック,,48,550
4573630272544,5294,ラブリービーズガーリーコレクション,株式会社ハック,,24,550
4573630273213,5403,DIYガーリーデジタルウォッチ,株式会社ハック,,36,595
4573630276054,5808,推し活バッジメーカー,株式会社ハック,,20,895
4573630276016,5802,デジタル推し活フォットバッジ,株式会社ハック,,24,1,450
4573630274838,5648,推し活フィギュアディスプレースタンド,株式会社ハック,,72,350
4573630276238,5833,推し活ミニチャームコレクションスタンド,株式会社ハック,,50,350
4573630277112,5948,推し活スライドチャームケース,株式会社ハック,,24,650
4573630276931,5921,推し活2段回転チャームディスプレイスタンド,株式会社ハック,,48,395
4573630277211,5958,推し活360°回転ディスプレイタワー,株式会社ハック,,48,450
4573630275439,5720,推し活くるっとまわせるディスプレイケース,株式会社ハック,,24,750
4573630275576,5739,お約束チェックボックス,株式会社ハック,,32,895
4573630272377,5255,キッズおかたずけチェア(乗り物）,株式会社ハック,,40,450
4573630272384,5258,キッズおかたずけチェア(スイーツ）,株式会社ハック,,40,450
4573630275484,5725,テーブルエアーホッケー,株式会社ハック,,16,1,280
4573110537316,4376,バスケットゴールセット,株式会社ハック,,24,1,150
4573110ｰ532052,3649,どこでもイージー卓球セット,株式会社ハック,,24,800
4573630275682,5757,デュアルアクションポンプ,株式会社ハック,,48,420
4573630270762,5007,2.4GHzトランシーバー,株式会社ハック,,24,995
4573110531628,3595,目指せホームラン！バッティングトスマシン,株式会社ハック,,48,495
4573630275668,5753,ロケットランチャー,株式会社ハック,,32,795
4573630274371,5594,フライングエアーショットガン,株式会社ハック,,60,320
4573630276450,5861,どでかバトミントン,株式会社ハック,,48,480
4573110533820,3882,モンターナビッググライダー,株式会社ハック,,72,195
4573110528765,3464,モンターナ　ウッドトイ,株式会社ハック,,8,1,650
4573630272162,5228,ワンタッチメッシュサンシェードテント,株式会社ハック,,16,1,380
4573630273381,5439,組立式プールサンシェード,株式会社ハック,,12,1,480
4573630272759,5319,クロミ伸縮＆調光スタンドライト,株式会社ハック,,48,625
4573630275811,5770,クロミLEDライト付きミラー,株式会社ハック,,48,720
4573630275828,5771,シナモロールLEDライト付きミラー,株式会社ハック,,48,720
4573630271141,5090,RCスポーツカー インフェルノ,株式会社ハック,,24,595
4573630271370,5121,RCはたらく工事車両,株式会社ハック,,96,250
4573110535244,4061,ファミリープール1.5m,株式会社ハック,,20,1,380
4573630271172,5093,ビューティーサロンセット,株式会社ハック,,24,595
4573630271349,5118,カラビナ付きミニスクールバッグ,株式会社ハック,,120,320
4573630272445,5270,組立式ファミリードームテント,株式会社ハック,,6,2,480
4573630272186,5230,組立式２人用ドームテント（カーキ）,株式会社ハック,,12,1,680
4573630272193,5231,組立式２人用ドームテント（ベージュ）,株式会社ハック,,12,1,680
4573110530799,3468,完全プライベートワイド着替えテント,株式会社ハック,,6,2,950
4573630272179,5229,UVヘキサウイングタープ３ｍ,株式会社ハック,,12,2,680
4573630272162,5228,ワンタッチメッシュサンシェードテント,株式会社ハック,,16,1,380
4573630274159,5561,シュラフ,株式会社ハック,,24,895
4573110531079,3522,マクラ付き自動膨張マット（グリーン）,株式会社ハック,,12,1,480
4573110539044,4676,メタルソリットペグ4P,株式会社ハック,,24,650
4573630273459,5449,ショルダー型折りたたみチェア　ブラック,株式会社ハック,,36,495
4573630273442,5448,ショルダー型折りたたみチェア　ベージュ,株式会社ハック,,36,495
4573110539730,4799,簡単！折りたたみポケットチェア　ブラック,株式会社ハック,,32,450
4573110539723,4798,簡単！折りたたみポケットチェア　ベージュ,株式会社ハック,,32,450
4573110538337,4538,折りたたみアルミローテーブル(60cm),株式会社ハック,,12,1,150
4573110530737,3460,インスタントBBQコンロ,株式会社ハック,,48,295
4573630271943,5191,インスタントBBQコンロBIGサイズ,株式会社ハック,,24,595
4573110534452,3950,薄型収納バーベキューポータブルコンロ,株式会社ハック,,32,680
4573110534353,3940,BBQワイドコンロ,株式会社ハック,,16,995
4573110538351,4540,ファイヤープレーストングNEO,株式会社ハック,,36,450
4573110530287,3398,耐熱ＢＢＱグローブワイドカフス,株式会社ハック,,48,595
4573110527225,3028,伸縮自在ファイヤーブラスター,株式会社ハック,,48,450
4573110538153,4522,ツール付き折りたたみカトラリー,株式会社ハック,,48,495
4573110ｰ534742,3995,８in１マルチシザー,株式会社ハック,,48,450
4573110533325,3811,取っ手着脱式ホットパン,株式会社ハック,,24,1,580
4573630272155,5227,アルミケトル800ml,株式会社ハック,,48,695
4573110531550,3592,ドリップノズル,株式会社ハック,,48,380
4573110538313,4536,固めてエコキャン５Pセット,株式会社ハック,,72,148
4573110537569,4419,BBQ網と鉄板の焦げ取り器,株式会社ハック,,48,395
4573110537491,4396,スプレー缶カバー2P,株式会社ハック,,48,480
4573110530867,3475,マルチケースM,株式会社ハック,,36,380
4573110530317,3404,マルチピンチ,株式会社ハック,,72,230
4573630272742,5318,いっしょにおでかけリアルカマカマくん,株式会社ハック,,48,420
4573110530768,3466,お出かけのお守り　オニヤンマ,株式会社ハック,,48,420
4573110537095,4346,お出かけのお守り　どでかオニヤンマ,株式会社ハック,,48,580
4573630272551,5295,オニヤンマ虫コマシール24P,株式会社ハック,,240,65
4573110530713,3457,ポイズンリムーバー,株式会社ハック,,72,280
4573110539228,4710A,ストップタッチペン,株式会社ハック,,48,480
4573630272070,5196,超音波式モスキートリペラー,株式会社ハック,,72,320
4573110538177,4525,クマよけの鈴,株式会社ハック,,48,220
4573110530621,3448,アウトドア　ウォーキングステッキ,株式会社ハック,,48,495
4573110530492,3428,折りたたみバスケット,株式会社ハック,,48,495
4573110538306,4535,アウトドアウォーターシャワー12L,株式会社ハック,,48,450
4573110538405,4555,充電式LEDマルチライト,株式会社ハック,,48,800
4573630271561,5153,のこぎり＆カッター,株式会社ハック,,72,220
4573630276450,5861,どでかバトミントン,株式会社ハック,,48,480
4573630275668,5753,ロケットランチャー,株式会社ハック,,32,795
4573630274371,5594,フライングエアーショットガン,株式会社ハック,,60,320
4573630270762,5007,2.4GHzトランシーバー,株式会社ハック,,24,995
4573110533820,3882,モンターナビッググライダー,株式会社ハック,,72,195
4573110528765,3464,モンターナ　ウッドトイ,株式会社ハック,,8,1,650
