4955985169005,BDK-03,ドームテント３,株式会社カワセ,,6,3850
4955985194328,BDK-18,ツーリングテントUV,株式会社カワセ,,6,4250
4955985197268,BDK-08O,ソロドーム１,株式会社カワセ,,6,8300
4955985196247,BDK-08B,ソロドーム１,株式会社カワセ,,6,8300
4955985197275,BDK-75O,ソロティピー１,株式会社カワセ,,6,8800
4955985196254,BDK-75B,ソロティピー１,株式会社カワセ,,6,8800
4955985196278,BD-529,グランドシート,株式会社カワセ,,24,1500
4955985195813,BD-523,焚火 リフレクター,株式会社カワセ,,12,5000
4955985196285,BD-272,アジャスターポール,株式会社カワセ,,20,1600
4955985197091,BD-248BK,アジャスターポールBK,株式会社カワセ,,24,1600
4955985196995,BD-203,ハードペグＳＴ　８Ｐ,株式会社カワセ,,6,2300
4955985197282,BDK-21O,ミニヘキサゴンタープ,株式会社カワセ,,6,3550
4955985196261,BDK-21B,ミニヘキサゴンタープB,株式会社カワセ,,6,3550
4955985196629,BDK-23KA,スクエアタープKA,株式会社カワセ,,6,3800
4955985197053,BDK-23BE,スクエアタープBE,株式会社カワセ,,6,3800
4955985194649,BDK-124,ワンアクションタープ１８０コンパクト,株式会社カワセ,,2,6000
4955985197121,BDK-120KA,ワンアクションタープ２００KA,株式会社カワセ,,2,7800
4955985197138,BDK-121KA,ワンアクションタープ２５０KA,株式会社カワセ,,1,8600
4955985197145,BDK-122KA,ワンアクションタープ３００KA,株式会社カワセ,,1,9800
4955985197206,BD-524,サイドウォール２００KA,株式会社カワセ,,20,1000
4955985197213,BD-525,サイドウォール２５０KA,株式会社カワセ,,20,1150
4955985197220,BD-526,サイドウォール３００KA,株式会社カワセ,,12,1350
4955985169159,BD-519,タープサイドウォール２００,株式会社カワセ,,12,1200
4955985169166,BD-520,タープサイドウォール２５０,株式会社カワセ,,12,1500
4955985169173,BD-521,タープサイドウォール３００,株式会社カワセ,,12,1800
4955985195578,BD-269,タープウェイト８Kg,株式会社カワセ,,8,880
4955985169265,BD-256,ウェイト２P,株式会社カワセ,,12,1450
4955985171596,MS-13NA,ジョイントポップアップシェルター１７０フルクローズ,株式会社カワセ,,8,2950
4955985167698,NT-51UV,プライベートテントUV,株式会社カワセ,,6,3450
4955985196834,BD-204,イージーローコット,株式会社カワセ,,5,6800
4955985195219,BDK-36LG　　　,マイクロファイバーシュラフ,株式会社カワセ,,12,2300
4955985195394,BDK-59,封筒型シュラフ,株式会社カワセ,,6,1700
4955985167834,BDK-30G　　,封筒型シュラフ,株式会社カワセ,,12,1000
4955985167841,BDK-30B　　　,封筒型シュラフ,株式会社カワセ,,12,1000
4955985196483,BDK-61,マミー型シュラフ,株式会社カワセ,,4,3700
4955985165595,BD-341,アルミロールマットM,株式会社カワセ,,15,520
4955985165601,BD-342,アルミロールマットL,株式会社カワセ,,15,900
4955985165618,BD-343,アルミロールマットLL,株式会社カワセ,,15,1150
4955985196766,BD-535B,FDマットEX,株式会社カワセ,,12,1650
4955985196759,BD-535G,FDマットEX,株式会社カワセ,,12,1650
4955985196919,BD-546　　　,ジャバラマットM,株式会社カワセ,,24,440
4955985196926,BD-547　　　,ジャバラマットL,株式会社カワセ,,24,680
4955985196933,BD-548　　　,ジャバラマットLL,株式会社カワセ,,24,750
4955985196124,BD-543BE,レジャーシート　１４０　ベージュ,株式会社カワセ,,20,600
4955985196131,BD-543NV,レジャーシート　１４０　ネイビー,株式会社カワセ,,20,600
4955985196148,BD-544BE,レジャーシート　２００　ベージュ,株式会社カワセ,,20,780
4955985196155,BD-544NV,レジャーシート　２００　ネイビー,株式会社カワセ,,20,780
4955985169609,BD-514LP,ＦＤザブトン　ＬＶ／ＰＫ,株式会社カワセ,,88,170
4955985169623,BD-514GY　　,ＦＤザブトン　ＧＲ／ＹＥ,株式会社カワセ,,88,170
4955985169616,BD-514MO,ＦＤザブトン　ＭＧ／ＯＲ,株式会社カワセ,,88,170
4955985167407,BD-513G,ＦＤマット６０Ｘ１８０　ＧＲ,株式会社カワセ,,12,1000
4955985167414,BD-513B,ＦＤマット６０Ｘ１８０　ＢＬ,株式会社カワセ,,12,1000
4955985196902,BD-345GY,ポンプ付インフレータブルマット,株式会社カワセ,,8,2300
4955985196506,ＢＤ-545,インフレータブルマット１０ｃｍ,株式会社カワセ,,4,4500
4955985196971,BD-354KA,オートエアザブトン KA,株式会社カワセ,,40,450
4955985196964,BD-354BE,オートエアザブトン BE,株式会社カワセ,,40,450
4955985196940,BD-552GY,ポータブルピロー,株式会社カワセ,,50,550
4955985165748,BD-506CH　,ピクニックシート150,株式会社カワセ,,24,900
4955985165762,BD-507CH,ピクニックシート200,株式会社カワセ,,12,1370
4955985195240,BD-230WB,テーブル＆ベンチセット（木目）,株式会社カワセ,,2,7700
4955985195431,BD-200,コンパクトFDテーブル,株式会社カワセ,,10,1500
4955985195370,BD-147WB,アルミFDテーブルSS,株式会社カワセ,,6,2600
4955985195257,BD-243WB,アルミFDテーブルS（木目）,株式会社カワセ,,4,3600
4955985195264,BD-244WB,アルミFDテーブルM（木目）,株式会社カワセ,,3,3900
4955985195233,BD-222WB,アルミロールテーブル７０（木目）,株式会社カワセ,,4,3900
4955985195561,BD-193WB,アルミロールテーブル115木目,株式会社カワセ,,3,5350
4955985195639,BD-164,IRテーブル,株式会社カワセ,,5,2000
4955985197183,BD-165,IRテーブルS,株式会社カワセ,,8,1600
4955985194823,BD-239,マルチ焚き火テーブル,株式会社カワセ,,2,4900
4955985194410,BD-191,バンブーテーブル５０,株式会社カワセ,,6,1680
4955985194427,BD-192,バンブーテーブル６０,株式会社カワセ,,4,2400
4955985195400,BD-112KA,ポータブルチェアKA,株式会社カワセ,,6,1600
4955985195530,BD-112BK,ポータブルチェアBK,株式会社カワセ,,6,1600
4955985196117,BD-112BE,ポータブルチェアBE,株式会社カワセ,,6,1600
4955985195417,BD-114RD,ロースタイルチェアBanboo RD,株式会社カワセ,,3,4500
4955985195424,BD-114BK,ロースタイルチェアBanboo BK,株式会社カワセ,,3,4500
4955985195998,BD-138KA,アクションチェアM KA,株式会社カワセ,,12,790
4955985196001,BD-138BE,アクションチェアM　BE,株式会社カワセ,,12,790
4955985196018,BD-138BK,アクションチェアM BK,株式会社カワセ,,12,790
4955985196025,BD-187KA,ラウンジチェアKA,株式会社カワセ,,6,1000
4955985196032,BD-187BE,ラウンジチェアBE,株式会社カワセ,,6,1000
4955985196049,BD-187BK,ラウンジチェアBK,株式会社カワセ,,6,1000
4955985195103,BD-115BE,ロースタイルチェアBE,株式会社カワセ,,4,2900
4955985196162,BD-115DO,ロースタイルチェアDO,株式会社カワセ,,4,2900
4955985196384,BD-117KA,ローチェアKA,株式会社カワセ,,6,1100
4955985196391,BD-117BE,ローチェアBE,株式会社カワセ,,6,1100
4955985169319,BD-108NB   　　,バカンスチェアＭ　NB,株式会社カワセ,,20,470
4955985195905,BD-108KA,バカンスチェアＭ　KA,株式会社カワセ,,20,470
4955985195912,BD-108BE,バカンスチェアＭ　BE,株式会社カワセ,,20,470
4955985169333,BD-109NB   ,バカンスチェアＬ　NB,株式会社カワセ,,12,650
4955985195936,BD-109KA,バカンスチェアＬ　KA,株式会社カワセ,,12,680
4955985195943,BD-109BE,バカンスチェアＬ　BE,株式会社カワセ,,12,680
4955985196087,BD-155KA,ミニアルミスツールKA,株式会社カワセ,,48,900
4955985196094,BD-155BE,ミニアルミスツールBE,株式会社カワセ,,48,900
4955985196100,BD-155BK,ミニアルミスツールBK,株式会社カワセ,,48,900
4955985196056,BD-116KA,ミニアルミスツール　Ｍ　KA,株式会社カワセ,,24,980
4955985196063,BD-116BE,ミニアルミスツール　Ｍ　BE,株式会社カワセ,,24,980
4955985196070,BD-116BK,ミニアルミスツール　Ｍ　BK,株式会社カワセ,,24,980
4955985196605,BD-110,ベースチェア,株式会社カワセ,,8,3400
4955985196896,BD-175KA,ベンチ１００KA,株式会社カワセ,,8,1100
4955985196322,BD-121KA,ツインチェアKA,株式会社カワセ,,4,2250
4955985196339,BD-121BE,ツインチェアBE,株式会社カワセ,,4,2250
4955985196612,BD-111,焚き火チェア,株式会社カワセ,,4,2540
4955985196445,BD-120　　　,チェアカバー,株式会社カワセ,,20,1300
4955985195523,BD-196,FDラック,株式会社カワセ,,4,2300
4955985196643,BD-253KA,LEDランタン４S　KA,株式会社カワセ,,12,1950
4955985196650,BD-253BE,LEDランタン４S　BE,株式会社カワセ,,12,1950
4955985195356,BD-267,2WAYランタン,株式会社カワセ,,120,530
4955985196858,BD-277SL,オイルランタンSL,株式会社カワセ,,12,1100
4955985197107,BD-265,オイルランタン用　ケース,株式会社カワセ,,24,580
4955985196865,BD-278,オイルランタン用ホヤ,株式会社カワセ,,24,300
4955985196872,BD-279,オイルランタン用替え芯,株式会社カワセ,,200,180
4955985196667,BD-275KA,LEDランタンKA,株式会社カワセ,,8,1350
4955985196674,BD-275BE,LEDランタンBE,株式会社カワセ,,8,1350
4955985196988,BD-252KA,LEDランタン,株式会社カワセ,,24,770
4955985194465,BD-257,スライドランタン,株式会社カワセ,,24,380
4955985194472,BD-258,どこでもライト　マグネット付き２Pcs,株式会社カワセ,,48,580
4955985166820,BD-299,ランタンスタンンド１９５,株式会社カワセ,,6,2300
4955985164543,BD-284,ＬＥＤヘッドランプ　１,株式会社カワセ,,100,380
4955985196957,BD-249BK,ランタンハンガー２個セットBK,株式会社カワセ,,48,450
4955985169784,BD-732,ソフトクーラーアルミ５Ｌ,株式会社カワセ,,20,620
4955985169791,BD-733,ソフトクーラーアルミ１０Ｌ,株式会社カワセ,,20,730
4955985169807,BD-734,ソフトクーラーアルミ１５Ｌ,株式会社カワセ,,20,930
4955985169814,BD-735,ソフトクーラーアルミ２０Ｌ,株式会社カワセ,,20,980
4955985169821,BD-736,ソフトクーラーアルミ３０Ｌ,株式会社カワセ,,20,1100
4955985196841,BD-911,ギアケース,株式会社カワセ,,6,2500
4955985197015,BD-747BE,クーラーバッグ5L,株式会社カワセ,,20,730
4955985197022,BD-748BE,クーラーバッグ10L,株式会社カワセ,,20,880
4955985197039,BD-749BE,クーラーバッグ20L,株式会社カワセ,,20,1200
4955985197046,BD-750BE,クーラーバッグ30L,株式会社カワセ,,20,1400
4955985196186,BD-227KA,ハンドル付ＦＤコンテナKA,株式会社カワセ,,10,860
4955985196179,BD-227BE,ハンドル付ＦＤコンテナBE,株式会社カワセ,,10,860
4955985196438,BD-202,ベースコンテナ　６００,株式会社カワセ,,6,1550
4955985196421,BD-201,ベースコンテナ　５００,株式会社カワセ,,2,2950
4955985169579,BD-226,どこでもドリンクホルダー,株式会社カワセ,,48,500
4955985194274,BD-302,どこでもネット,株式会社カワセ,,100,250
4955985195493,BD-903,ごみスタンド,株式会社カワセ,,15,1050
4955985169906,BD-600,折りたたみバケツ４L,株式会社カワセ,,30,600
4955985196735,BD-602KA,FDバケツ１０L KA,株式会社カワセ,,20,900
4955985196742,BD-602BE,FDバケツ１０L BE,株式会社カワセ,,20,900
4955985170834,BD-303,FDドライネット,株式会社カワセ,,48,630
4955985195295,BD-347,FDジャグ　７L,株式会社カワセ,,36,300
4955985195301,BD-348,クラッシックジャグ　８L,株式会社カワセ,,8,820
4955985165717,BD-308,ウォータータンクジャバラ,株式会社カワセ,,30,350
4955985194892,BD-306R,ウォータータンクキューブ１６L,株式会社カワセ,,20,800
4955985196827,BD-300BE,ジャバラウォータージャグ７．５Ｌ,株式会社カワセ,,12,850
4955985194281,BD-319　　　,虫よけリング２P,株式会社カワセ,,120,95
4955985164215,BD-361,業務用成型備長炭 10kg,株式会社カワセ,,2,2700
4955985195806,BD-468,成形備長炭５KG,株式会社カワセ,,4,1500
4955985168893,BD-445,ファイヤースターターステック６,株式会社カワセ,,120,160
4955985163744,BD-328,らくらく炭,株式会社カワセ,,8,530
4955985168374,BD-442,七輪用らくらく竹炭,株式会社カワセ,,48,150
4955985168367,BD-441,ラクラク竹炭　２８０,株式会社カワセ,,48,130
4955985168909,BD-446,らくらく豆炭　６００G,株式会社カワセ,,24,180
4955985169999,BD-488,着火師匠,株式会社カワセ,,48,120
4955985164291,BD-365,らくらく炭 320,株式会社カワセ,,48,110
4955985164390,BD-366,ファイアースターターブロック ３０,株式会社カワセ,,40,250
4955985164406,BD-367,ファイアースターターブロック ９,株式会社カワセ,,120,90
4955985163690,BD-326,チャコールブリケット,株式会社カワセ,,12,330
4955985195677,BD-362,マジックファイヤ,株式会社カワセ,,500,110
4955985197251,BD-477,マジカル炭,株式会社カワセ,,14,450
4955985194038,BD-486,パック燃料（２２ｇ×４）,株式会社カワセ,,20,120
4955985168428,BD-359,ジェル燃料２６０ｇ,株式会社カワセ,,48,340
4955985194878,BD-493　　　,焚き火トライポッド,株式会社カワセ,,10,2300
4955985168442,BD-413,ツーウェイグリル４５,株式会社カワセ,,4,1800
4955985166547,BD-401,ツーウェイグリル６０,株式会社カワセ,,3,2850
4955985164499,BD-402,ツーウエイグリル７５,株式会社カワセ,,3,3300
4955985164444,BD-377　　　,ステンレスBBQコンロ６５,株式会社カワセ,,3,3700
4955985194670,BD-472,BBQグリル　ふた付き,株式会社カワセ,,3,2950
4955985196476,BD-501,薪ストーブ,株式会社カワセ,,2,15500
4955985196636,BD-502,薪スト用煙突,株式会社カワセ,,40,850
4955985195486,BD-497,ロケットストーブ,株式会社カワセ,,6,3600
4955985197060,BD-912,薪割台,株式会社カワセ,,8,1250
4955985195509,BD-904,薪キャリースタンド,株式会社カワセ,,6,1500
4955985195271,BD-494,焚き火台 VERSA,株式会社カワセ,,4,6000
4955985195769,BD-498,焚き火シート,株式会社カワセ,,60,750
4955985196360,BD-499,焚き火台 Lotus,株式会社カワセ,,10,2700
4955985196711,BD-492,焚き火台Lotus用替え網,株式会社カワセ,,20,600
4955985196728,BD-492EX,焚き火台Lotus用替え網EX,株式会社カワセ,,20,800
4955985169951,BD-480,焚火スタンドハンディ,株式会社カワセ,,12,1450
4955985194847,BD-247,マルチスタンド２３,株式会社カワセ,,20,480
4955985194861,BD-404,焚き火グリル,株式会社カワセ,,6,1650
4955985194250,BD-470,ボックスストーブ,株式会社カワセ,,10,1450
4955985164345,BD-373,メッシュシチリン,株式会社カワセ,,6,2200
4955985166608,BD-409,卓上コンロ,株式会社カワセ,,6,1980
4955985164369,BD-385,七　　輪,株式会社カワセ,,3,1380
4955985168879,BD-423,スタンド付き七輪,株式会社カワセ,,3,1650
4955985166622,BD-383,長角七輪/大,株式会社カワセ,,2,2950
4955985168886,BD-424,長角七輪　ロング,株式会社カワセ,,1,3700
4955985166615,BD-384,俺用七輪,株式会社カワセ,,8,900
4955985195318,BD-900,コーヒーメーカー,株式会社カワセ,,12,1800
4955985196414,BD-905,カンクーラー,株式会社カワセ,,24,690
4955985195325,BD-901,ホットサンドプレート,株式会社カワセ,,18,1150
4955985196230,BD-901IH,ホットサンドプレート　ＩH対応,株式会社カワセ,,12,1600
4955985196407,BD-478,極厚鉄板6㎜,株式会社カワセ,,6,2800
4955985196551,BD-907,アルミクッカーM,株式会社カワセ,,24,800
4955985196568,BD-908,アルミクッカーL,株式会社カワセ,,24,950
4955985196544,BD-906,アルミケトル,株式会社カワセ,,24,1000
4955985196520,BD-581,シェラカップ,株式会社カワセ,,100,800
4955985196537,BD-582,ドラム缶マグ,株式会社カワセ,,125,800
4955985196513,BD-580,カトラリーセット,株式会社カワセ,,100,800
4955985195288,BD-495,FDスモーカー,株式会社カワセ,,8,1350
4955985197237,BD-496,ＦＤ炭火起こし,株式会社カワセ,,10,1250
4955985169661,BD-425,かんたんスモーク工房,株式会社カワセ,,18,650
4955985168343,BD-439,スモーク缶　温度計付,株式会社カワセ,,8,2500
4955985168497,BD-417,インスタントコンロ燃料入り,株式会社カワセ,,24,280
4955985166691,BD-410,炭火起こし,株式会社カワセ,,12,850
4955985168336,BD-438,スモーカー用温度計,株式会社カワセ,,96,300
4955985168350,BD-440,チャコール缶,株式会社カワセ,,8,1000
4955985169982,BD-483,串台,株式会社カワセ,,30,270
4955985168916,BD-447,アルミたれ皿（小）４P,株式会社カワセ,,120,90
4955985168923,BD-448,アルミたれ皿（大）４P,株式会社カワセ,,80,110
4955985168930,BD-449,アルミたれ皿セパレート４P,株式会社カワセ,,80,150
4955985166929,BD-426,アルミBBQプレート　深型　M　２P,株式会社カワセ,,40,160
4955985166936,BD-427,アルミBBQプレート　L　２P,株式会社カワセ,,40,230
4955985166943,BD-428,らくらくBBQプレート　M,株式会社カワセ,,50,400
4955985166950,BD-429,らくらくBBQプレート　L,株式会社カワセ,,50,450
4955985164130,BD-310,BBQアミ(丸）,株式会社カワセ,,40,150
4955985164147,BD-311,BBQアミ(角）,株式会社カワセ,,40,170
4955985164154,BD-312,BBQアミ(小）,株式会社カワセ,,10,300
4955985164161,BD-313,BBQアミ(中）,株式会社カワセ,,10,380
4955985164178,BD-314,BBQアミ(大）,株式会社カワセ,,10,440
4955985194779,BD-321,BBQコンロ用替えアミ丸,株式会社カワセ,,24,450
4955985166875,BD-420,BBQコンロ用替えアミ,株式会社カワセ,,30,230
4955985166882,BD-421,BBQコンロ用替えアミ,株式会社カワセ,,30,290
4955985194083,BD-479,BBQコンロ用替えアミ,株式会社カワセ,,30,240
4955985166646,BD-430,大型火バサミ,株式会社カワセ,,96,120
4955985166653,BD-431,万能キャッチャー300,株式会社カワセ,,240,100
4955985166660,BD-432,スーパージャンボ万能トング400,株式会社カワセ,,120,130
4955985166677,BD-433,ジャンボ万能トング300,株式会社カワセ,,240,110
4955985166684,BD-434,スタンダード万能トング240,株式会社カワセ,,240,100
4955985169944,BD-480A,焚火スタンド　替え網,株式会社カワセ,,50,600
4955985195127,BD-474,焚き火手袋,株式会社カワセ,,40,770
4955985197008,BD-475,ODグローブ,株式会社カワセ,,20,850
4955985197114,BD-476,火吹き棒,株式会社カワセ,,48,350
4955985163607,BD-381,ダッヂオーブンK-10,株式会社カワセ,,3,2500
4955985161108,BD-451SV　,トレッキングポール　システム2,株式会社カワセ,,40,650
4955985161115,BD-451BK　,トレッキングポール　システム2,株式会社カワセ,,40,650
4955985161122,BD-451MZ　,トレッキングポール　システム2,株式会社カワセ,,40,650
4955985165892,BD-450BL　,トレッキングポール　システム3,株式会社カワセ,,40,850
4955985161085,BD-450BK　,トレッキングポール　システム3,株式会社カワセ,,40,850
4955985161092,BD-450MZ　,トレッキングポール　システム3,株式会社カワセ,,40,850
4955985167322,BD-459RD　,トレッキングポール３　２P,株式会社カワセ,,20,1900
4955985167346,BD-459BK　,トレッキングポール３　２P,株式会社カワセ,,20,1900
4955985168961,BD-461,トレッキングポール用先ゴム（小）,株式会社カワセ,,50,200
4955985165793,BD-455,トレッキングポール用先ゴム,株式会社カワセ,,50,200
4955985195592,BD-462BK　,トレッキングポール,株式会社カワセ,,40,800
4955985195585,BD-462NV　,トレッキングポール,株式会社カワセ,,40,800
4955985163959,BD-334K,キャリーカートS,株式会社カワセ,,12,800
4955985163966,BD-335K,キャリーカートM,株式会社カワセ,,8,1000
4955985163928,BD-332K,キャリーカートL,株式会社カワセ,,6,1350
4955985196209,BD-318KA,ボックスキャリーカートKA,株式会社カワセ,,6,1550
4955985196193,BD-318BE,ボックスキャリーカートBE,株式会社カワセ,,6,1550
4955985167650,BD-338,キャリーカート用替えゴム120,株式会社カワセ,,100,120
4955985168084,BD-490,キャリーカート用替えゴム150,株式会社カワセ,,100,140
4955985171800,MS-30　　　　,パラソルベース,株式会社カワセ,,10,1100
4955985167018,BD-633,パラソルスタンド,株式会社カワセ,,6,1350
4955985171749,MS-22　　　　,ビーチパラソル１８０,株式会社カワセ,,12,650
4955985171756,MS-23BL　　,ビーチパラソル２００UV　BL,株式会社カワセ,,12,980
4955985171770,MS-24　　　　,ビーチパラソル２２０UV,株式会社カワセ,,6,1650
4955985170940,MS-022,ジュニアマリンシューズS,株式会社カワセ,,20,540
4955985170957,MS-023,ジュニアマリンシューズM,株式会社カワセ,,20,540
4955985170964,MS-024,ジュニアマリンシューズL,株式会社カワセ,,20,540
4955985170971,MS-025,JRマリンシューズ　JS　BL,株式会社カワセ,,20,540
4955985170988,MS-026,JRマリンシューズ　JM　BL,株式会社カワセ,,20,540
4955985170995,MS-027,JRマリンシューズ　JL　BL,株式会社カワセ,,20,540
4955985171237,MS-037S,マリンシューズ　S　BL,株式会社カワセ,,20,600
4955985171244,MS-037M,マリンシューズ　M　BL,株式会社カワセ,,20,600
4955985171251,MS-037L,マリンシューズ　L　BL,株式会社カワセ,,20,600
4955985171060,MS-019,マリンシューズ　S　BK,株式会社カワセ,,20,600
4955985171046,MS-020,マリンシューズ　M　BK,株式会社カワセ,,20,600
4955985171053,MS-021,マリンシューズ　L　BK,株式会社カワセ,,20,600
4955985170766,BD-606BL,水めがね,株式会社カワセ,,24,670
4955985170063,BD-610,魚網三角型１６０-３０,株式会社カワセ,,25,600
4955985170780,BD-611,魚網三角型　１２０－２５,株式会社カワセ,,25,430
4955985170797,BD-612,魚網三角型　１２０－２０,株式会社カワセ,,25,400
4955985195035,BD-617,ヤス　3,株式会社カワセ,,72,550
4955985195042,BD-618,ヤス　5,株式会社カワセ,,72,550
4955985160767,BD-1005　　　,ダブルアクションポンプ,株式会社カワセ,,12,950
4955985171930,MS-60,ダブルアクションポンプS,株式会社カワセ,,12,500
4955985166837,BD-1010,電池式ポンプ,株式会社カワセ,,12,750
4955985171329,MS-101　　　,スノーケリングフロート,株式会社カワセ,,12,1250
4955985171848,MS-34,シャワー＆ミスト１６L,株式会社カワセ,,4,2250
4955985171824,MS-32,シャワー７Ｌ,株式会社カワセ,,6,1250
4955985197527,BDK-30KA,封筒型シュラフ,株式会社カワセ,,8,1000
4955985197534,BDK-30BE,封筒型シュラフ,株式会社カワセ,,8,1000
4955985197602,BD-464BK,トレッキングポールシステム３,株式会社カワセ,,40,950
4955985197619,BD-464NV,トレッキングポールシステム３,株式会社カワセ,,40,950
4955985197626,BD-464RD,トレッキングポールシステム３,株式会社カワセ,,40,950
4955985022416,IMC-104,レッグトレーニング　ＤＸ,株式会社カワセ,,2,5600
4955985023598,IMC-18S,スカイウォーカー,株式会社カワセ,,1,9200
4955985022928,IMC-61,デスクツキフォールディングバイク,株式会社カワセ,,1,16000
4955985033115,IMC-03,ぶら下がり器,株式会社カワセ,,2,5900
4955985022072,IMC-10,プレスベンチ　折りたたみ式,株式会社カワセ,,1,7000
4955985022188,IMC-26,ミニステッパー　パワーバンド付,株式会社カワセ,,3,5300
4955985021891,IMC-90,ミニツイストステッパーバンド付,株式会社カワセ,,2,5600
4955985022119,IMC-05,シットアップベンチ,株式会社カワセ,,1,3700
4955985021754,IMC-77,フラットベンチ　折りたたみ式,株式会社カワセ,,1,5400
4955985023604,IMC-84N,フラット＆シットアップベンチ,株式会社カワセ,,1,6000
4955985022799,IMC-22,マルチコンパクトトレーニング,株式会社カワセ,,2,4990
4955985021594,IMC-63,フォールディングトランポリン　３６,株式会社カワセ,,3,3300
4955985022751,IMC-27,トランポリン　４８,株式会社カワセ,,2,7370
4955985023680,IMC-155,ハンドル付フォールディングトランポリン,株式会社カワセ,,2,4430
4955985022409,IMC-98,エアロビックステップ,株式会社カワセ,,4,1760
4955985022201,IMC-99,ボディトレーニング,株式会社カワセ,,4,2150
4955985022386,IMC-55,ABスリマー,株式会社カワセ,,6,2230
4955985021877,IMC-88,パンチングボール,株式会社カワセ,,5,2530
4955985023529,KW-812,トレーニング パンチングボール,株式会社カワセ,,2,7040
4955985030763,KW-810,パンチングバック,株式会社カワセ,,24,1100
4955985023147,KW-811,NEOパンチングバック,株式会社カワセ,,10,1370
4955985122246,KW-404,ファミリーボクシングセット,株式会社カワセ,,12,1240
4955985023482,IMC-110,スケーティングボード,株式会社カワセ,,6,2440
4955985021525,IMC-58,ヨガボール　５５,株式会社カワセ,,12,700
4955985022997,IMC-161,ヨガボール　５５　コーラルピンク,株式会社カワセ,,12,700
4955985020061,IMC-32,ヨガボール　６５,株式会社カワセ,,12,830
4955985023000,IMC-162,ヨガボール　６５　グリーン,株式会社カワセ,,12,830
4955985021655,IMC-69,ヨガボール　７５,株式会社カワセ,,12,1000
4955985021792,IMC-80,ノーバーストヨガボール　５５,株式会社カワセ,,12,860
4955985021808,IMC-81,ノーバーストヨガボール　６５,株式会社カワセ,,12,1010
4955985022256,IMC-36,ハーフイボヨガボール　５５,株式会社カワセ,,10,1040
4955985022263,IMC-37,ハーフイボヨガボール　６５,株式会社カワセ,,10,1090
4955985022249,IMC-35,ドーナッツボール,株式会社カワセ,,12,800
4955985021709,IMC-74B,ピラテスヨガボール　２０（ブルー）,株式会社カワセ,,60,370
4955985021723,IMC-74P,ピラテスヨガボール　２０（ピンク）,株式会社カワセ,,60,370
4955985021716,IMC-74Y,ピラテスヨガボール　２０（イエロー）,株式会社カワセ,,60,370
4955985022300,IMC-53BL,ピラティス＆ヨガマット　（ブルー）,株式会社カワセ,,6,580
4955985022317,IMC-53PK,ピラティス＆ヨガマット　（ピンク）,株式会社カワセ,,6,580
4955985023574,IMC-53LV,ピラティス＆ヨガマット　（ﾗﾍﾞﾝﾀﾞｰ）,株式会社カワセ,,6,580
4955985022607,IMC-24PP,折りたたみ式ヨガマット　パープル,株式会社カワセ,,10,800
4955985022614,IMC-24G,折りたたみ式ヨガマット　グリーン,株式会社カワセ,,10,800
4955985023628,IMC-171BL,ピラティス＆ヨガマット　６ｍｍ　（ブルー）,株式会社カワセ,,6,840
4955985023635,IMC-171GR,ピラティス＆ヨガマット　６ｍｍ　（グリーン）,株式会社カワセ,,6,840
4955985023611,IMC-171LV,ピラティス＆ヨガマット　６ｍｍ　（ラベンダー）,株式会社カワセ,,6,840
4955985023659,IMC-172BL,ピラティス＆ヨガマット　８ｍｍ　（ブルー）,株式会社カワセ,,6,1000
4955985023666,IMC-172GR,ピラティス＆ヨガマット　８ｍｍ　（グリーン）,株式会社カワセ,,6,1000
4955985023642,IMC-172LV,ピラティス＆ヨガマット　８ｍｍ　（ラベンダー）,株式会社カワセ,,6,1000
4955985022805,IMC-09P,プリントヨガマット　４ｍｍ　コーラルピンク,株式会社カワセ,,6,720
4955985022829,IMC-09N,プリントヨガマット　４ｍｍ　ネイビー,株式会社カワセ,,6,720
4955985022812,IMC-09G,プリントヨガマット　４ｍｍ　グリーン,株式会社カワセ,,6,720
4955985023086,IMC-165B,プリントヨガマット　６ｍｍ　ブルー,株式会社カワセ,,6,900
4955985023079,IMC-165G,プリントヨガマット　６ｍｍ　グリーン,株式会社カワセ,,6,900
4955985023062,IMC-165PP,プリントヨガマット　６ｍｍ　パープル,株式会社カワセ,,6,900
4955985022324,IMC-41,トレーニング＆ヨガマット　BK,株式会社カワセ,,8,1090
4955985022683,IMC-19,TPEヨガマット　８ｍｍ,株式会社カワセ,,6,2580
4955985023550,IMC-169G,ヨガマットケース　グレー,株式会社カワセ,,48,390
4955985023543,IMC-169P,ヨガマットケース　ピンク,株式会社カワセ,,48,390
4955985023024,IMC-164P,ヨガマットケース　ピンク,株式会社カワセ,,24,550
4955985023055,IMC-164NV,ヨガマットケース　ネイビー,株式会社カワセ,,24,550
4955985022485,IMC-46,ミニストレッチローラー,株式会社カワセ,,36,560
4955985022430,IMC-54,ピラティスポール,株式会社カワセ,,6,1450
4955985022690,KW-787BK,フォームローラー　ブラック,株式会社カワセ,,12,1480
4955985022577,KW-787BL,フォームローラー　ブルー,株式会社カワセ,,12,1420
4955985022966,IMC-160G,ストレッチローラー　グリーン,株式会社カワセ,,6,2590
4955985021044,KW-725,フラフープ　８０,株式会社カワセ,,30,420
4955985021037,KW-724,シェイプアップフラフープ,株式会社カワセ,,12,1110
4955985021051,KW-722,ウエイトフラフープ　１．５ｋｇ,株式会社カワセ,,10,1580
4955985023468,IMC-94,バランスボード,株式会社カワセ,,12,910
4955985030459,KW-845,クッションエクササイズ,株式会社カワセ,,12,860
4955985030848,KW-786,フィギアツイスト,株式会社カワセ,,20,590
4955985030039,KW-747S,ダブルエクササイズホイール,株式会社カワセ,,12,700
4955985021068,KW-783,エクササイズローラー,株式会社カワセ,,12,690
4955985022355,IMC-50,ストッパー付きダブルウィール,株式会社カワセ,,12,880
4955985022348,IMC-51,ストッパー付きツインウィール,株式会社カワセ,,12,1110
4955985021082,KW-785,エクササイズツインローラー,株式会社カワセ,,4,1550
4955985023154,IMC-82,アブゴーイングマシーン,株式会社カワセ,,8,1800
4955985030015,KW-742,プッシュアップバー,株式会社カワセ,,20,600
4955985023161,KW-799,プッシュアップスタンド,株式会社カワセ,,12,870
4955985010079,KW-740S,エキスパンダー　５Ｒ,株式会社カワセ,,12,660
4955985030312,KW-622,アームバーＬ,株式会社カワセ,,12,1030
4955985030084,IMC-40,エアロバー,株式会社カワセ,,12,1310
4955985022218,IMC-34,ボディトリマー,株式会社カワセ,,12,860
4955985011977,KW-115,ソフトグリップボール　５ｋｇ（たまご型）,株式会社カワセ,,10,160
4955985011984,KW-116,ソフトグリップボール　１３ｋｇ（たまご型）,株式会社カワセ,,10,160
4955985023512,KW-122,レベルアップ グリップボールセット,株式会社カワセ,,24,460
4955985010239,KW-101S,ハンドグリップ　１０ｋｇ,株式会社カワセ,,25,130
4955985010246,KW-102S,ハンドグリップ　２０ｋｇ,株式会社カワセ,,25,130
4955985010253,KW-103S,ハンドグリップ　３０ｋｇ,株式会社カワセ,,25,130
4955985012103,KW-105,ハンドグリップ　ストロング　４０ｋｇ,株式会社カワセ,,25,180
4955985012110,KW-106,ハンドグリップ　スーパーストロング　５０ｋｇ,株式会社カワセ,,25,220
4955985012158,KW-120,ハンドグリップスーパーベビー　７０ｋｇ,株式会社カワセ,,24,490
4955985021563,IMC-59,ローラーリストボール,株式会社カワセ,,20,510
4955985023451,IMC-91,シェイプアップリング,株式会社カワセ,,12,770
4955985023291,KW-735,トレーニングラダー,株式会社カワセ,,8,1260
4955985010284,KW-750,エクササイズバンド　ＰＫ（普通）,株式会社カワセ,,24,270
4955985010291,KW-751,エクササイズバンド　ＧＲ（やや強力）,株式会社カワセ,,24,310
4955985010307,KW-752,エクササイズバンド　ＢＬ（強力）,株式会社カワセ,,24,360
4955985010949,KW-753,エクササイズバンド　ＰＫ（普通）,株式会社カワセ,,48,260
4955985010956,KW-754,エクササイズバンド　ＧＲ（やや強力）,株式会社カワセ,,48,310
4955985010963,KW-755,エクササイズバンド　ＢＬ（強力）,株式会社カワセ,,48,360
4955985010994,KW-768,ソフトチューブ,株式会社カワセ,,12,410
4955985022553,KW-765,ソフトエキスパンダー,株式会社カワセ,,12,470
4955985022560,KW-769,ソフトストレッチチューブ,株式会社カワセ,,12,520
4955985010970,KW-756,エクササイズバンドＨ,株式会社カワセ,,24,480
4955985023505,KW-738,レベルアップ リングバンドセット,株式会社カワセ,,48,230
4955985011717,KW-138G,ジャンピングロープ　３．０ｍ　グレー,株式会社カワセ,,12,210
4955985011724,KW-139B,ジュニアジャンピングロープ　２．５ｍ　ブルー,株式会社カワセ,,12,210
4955985011731,KW-139P,ジュニアジャンピングロープ　２．５ｍ　ピンク,株式会社カワセ,,12,210
4955985010567,KW-0013B,ジャンピングロープ　３．０ｍ　ブルー,株式会社カワセ,,12,160
4955985011618,KW-131,ジャンピングロープベアリング付　３．０ｍ,株式会社カワセ,,12,380
4955985012165,KW-136,トレーニングジャンピングロープ,株式会社カワセ,,12,420
4955985011830,KW-135,エアーなわとび,株式会社カワセ,,48,750
4955985011892,KW-828,サウナスポーツスーツ　Ｍ,株式会社カワセ,,30,710
4955985011908,KW-829,サウナスポーツスーツ　L,株式会社カワセ,,30,710
4955985014602,IMC-400,ワンタッチ反射バンド,株式会社カワセ,,36,200
4955985014619,IMC-401,アーム反射バンド,株式会社カワセ,,36,260
4955985014626,IMC-402,タスキ反射バンド,株式会社カワセ,,36,300
4955985022898,IMC-151,ウォーキングポール　先ゴム,株式会社カワセ,,50,180
4955985022881,IMC-150N,ウォーキングポール　ＮＶ,株式会社カワセ,,20,1610
4955985011519,KW-505,リスト＆アンクルウエイト　０．５ｋｇ,株式会社カワセ,,12,600
4955985011526,KW-506,リスト＆アンクルウエイト　１．０ｋｇ,株式会社カワセ,,6,850
4955985011533,KW-507,リスト＆アンクルウエイト　１．５ｋｇ,株式会社カワセ,,6,1150
4955985011540,KW-508,リスト＆アンクルウエイト　２．０ｋｇ,株式会社カワセ,,4,1400
4955985021129,KW-503,メッシリスト＆アンクルウェイト　０．５ｋｇ,株式会社カワセ,,12,1020
4955985021136,KW-504,メッシリスト＆アンクルウェイト　１．０ｋｇ,株式会社カワセ,,6,1200
4955985010895,KW-774,ジョギングダンベル　０．５ｋｇ,株式会社カワセ,,18,290
4955985010901,KW-775,ジョギングダンベル　０．７５ｋｇ,株式会社カワセ,,18,360
4955985010918,KW-776,ジョギングダンベル　１．０.ｋｇ,株式会社カワセ,,18,450
4955985010611,KW-701,鉄アレー　１ｋｇ,株式会社カワセ,,20,360
4955985010628,KW-702,鉄アレー　２ｋｇ,株式会社カワセ,,10,630
4955985010635,KW-703,鉄アレー　３ｋｇ,株式会社カワセ,,8,930
4955985010659,KW-705,鉄アレー　５ｋｇ,株式会社カワセ,,4,1550
4955985020450,KW-717,ビューティアレー　１ｋｇ,株式会社カワセ,,24,330
4955985020467,KW-718,ビューティアレー　２ｋｇ,株式会社カワセ,,12,660
4955985020474,KW-719,ビューティアレー　３ｋｇ,株式会社カワセ,,8,1000
4955985011786,KW-777,ケトルダンベル　２ｋｇ,株式会社カワセ,,1,500
4955985011793,KW-778,ケトルダンベル　３ｋｇ,株式会社カワセ,,1,650
4955985011809,KW-779,ケトルダンベル　４ｋｇ,株式会社カワセ,,1,780
4955985011816,KW-780,ケトルダンベル　６ｋｇ,株式会社カワセ,,1,1100
4955985011823,KW-781,ケトルダンベル　８ｋｇ,株式会社カワセ,,1,1450
4955985011847,KW-782,ケトルダンベル　１０ｋｇ,株式会社カワセ,,1,1700
4955985023093,KW-788,ケトルダンベル　１２ｋｇ,株式会社カワセ,,1,2350
4955985020764,KW-764,クロームダンベル　５ｋｇ,株式会社カワセ,,4,2770
4955985020757,KW-757,クロームダンベル　１０ｋｇ,株式会社カワセ,,2,4500
4955985010925,KW-878,トライアングルプラスチックダンベル　１０ｋｇ,株式会社カワセ,,2,2100
4955985020962,KW-761,プラスチックダンベル　５ｋｇ,株式会社カワセ,,4,1160
4955985010857,KW-770,プラスチックダンベル　１０ｋｇ,株式会社カワセ,,2,1750
4955985020924,KW-789,プラスチックダンベル　１５ｋｇ,株式会社カワセ,,1,2900
4955985021143,KW-513PK,曲がるウェイト０．３㎏２P,株式会社カワセ,,24,1120
4955985021150,KW-514GR,曲がるウェイト０．５㎏２P,株式会社カワセ,,24,1450
4955985021167,KW-515BL,曲がるウェイト０．７５㎏２P,株式会社カワセ,,12,1960
4955985023178,KW-889,ホームストレッチャー,株式会社カワセ,,12,1530
4955985030770,KW-887,健康足踏み,株式会社カワセ,,20,270
4955985030442,KW-843,フットヘルスボール　ミスターアルマジロ,株式会社カワセ,,18,620
4955985023307,KW-792,シアツトリガー,株式会社カワセ,,12,730
4955985023314,KW-793,シアツローラー,株式会社カワセ,,48,330
4955985023321,KW-794,シアツローラー　ハンドル付,株式会社カワセ,,48,380
4955985023338,KW-795,シアツローラー　ネック,株式会社カワセ,,36,480
4955985023345,KW-796,シアツローラー　フット,株式会社カワセ,,36,660
4955985021242,KW-797,イボイボマッサージローラー,株式会社カワセ,,48,660
4955985021259,KW-798,イボイボハンディローラー,株式会社カワセ,,48,480
4955985023444,KW-802,足ツボマット,株式会社カワセ,,20,920
4955985021266,KW-803,ショルダーハンマー,株式会社カワセ,,24,660
4955985023185,KW-900,シアツストレッチボール,株式会社カワセ,,12,1550
4955985011991,KW-117,ソフトグリップボール　イボツキ,株式会社カワセ,,20,120
4955985011946,KW-118,リンググリップ　２個セット,株式会社カワセ,,12,150
4955985022843,IMC-106B,マルチボディローラー　ブルー,株式会社カワセ,,30,700
4955985022836,IMC-106P,マルチボディローラー　ピンク,株式会社カワセ,,30,700
4955985030220,KW-833,生ゴムひざベルトフリー,株式会社カワセ,,48,860
4955985030244,KW-831,生ゴム腰ベルト　Ｍ,株式会社カワセ,,48,960
4955985030237,KW-832,生ゴム腰ベルト　Ｌ,株式会社カワセ,,48,960
4955985030800,KW-863,バックサポートベルト　Ｍ,株式会社カワセ,,24,1590
4955985030817,KW-864,バックサポートベルト　Ｌ,株式会社カワセ,,24,1590
4955985014381,IMC-350,ラップサポーター手首,株式会社カワセ,,20,260
4955985014398,IMC-351,ラップサポーターひざ＆太もも,株式会社カワセ,,20,470
4955985014404,IMC-352,ラップサポーター足首＆ひじ,株式会社カワセ,,20,370
4955985014411,IMC-250,ネオプレーンサポーター　リスト,株式会社カワセ,,48,450
4955985014428,IMC-251,ネオプレーンサポーター　ニーショート,株式会社カワセ,,24,640
4955985014435,IMC-252,ネオプレーンサポーター　ニーロング,株式会社カワセ,,24,910
4955985014442,IMC-253,ネオプレーンサポーター　ひざ,株式会社カワセ,,48,470
4955985014459,IMC-254,ネオプレーンサポータ　足首,株式会社カワセ,,48,530
4955985014176,IMC-127B,リストバンドパイル２Ｐ　ブラック,株式会社カワセ,,20,100
4955985014190,IMC-128B,リストバンドパイルロング　ブラック,株式会社カワセ,,20,95
4955985014091,IMC-120,サポーター手首,株式会社カワセ,,20,70
4955985014107,IMC-121,サポーターひじ　Ｍ,株式会社カワセ,,20,90
4955985014114,IMC-122,サポーターひじ　Ｌ,株式会社カワセ,,20,110
4955985014121,IMC-123,サポーターひざ　Ｍ,株式会社カワセ,,20,120
4955985014138,IMC-124,サポーターひざ　Ｌ,株式会社カワセ,,20,140
4955985014152,IMC-126,サポーター足首,株式会社カワセ,,20,100
4955985015012,KW-13-2,テーピング１３ｍｍ　２Ｐ,株式会社カワセ,,24,150
4955985015036,KW-19-2,テーピング１９ｍｍ　２Ｐ,株式会社カワセ,,16,220
4955985015043,KW-25-1,テーピング２５ｍｍ,株式会社カワセ,,24,150
4955985015067,KW-38-1,テーピング３８ｍｍ,株式会社カワセ,,16,220
4955985015098,KW-150,キネシオテープ２５ｍｍ×２Ｐ,株式会社カワセ,,12,300
4955985015104,KW-151,キネシオテープ３８ｍｍ,株式会社カワセ,,16,240
4955985015111,KW-152,キネシオテープ５０ｍｍ,株式会社カワセ,,12,300
4955985060210,KW-237,バドミントンセット,株式会社カワセ,,48,440
4955985060227,KW-238,ミニバドミントンセット,株式会社カワセ,,48,430
4955985060586,KW-586,バドミントンセットＤＸ,株式会社カワセ,,36,600
4955985060258,KW-933,バドミントンラケット,株式会社カワセ,,50,400
4955985060302,KW-990,バドミントンラケット（２本組),株式会社カワセ,,24,570
4955985060333,KW-931,バドミントンラケット（一体成型),株式会社カワセ,,50,840
4955985060654,KW-590,バドミントンセットＡＳＴ,株式会社カワセ,,24,980
4955985123182,KW-593,わくわく親子バドミントンセット,株式会社カワセ,,24,680
4955985060661,KW-595,ジャンボ　バドミントンセット,株式会社カワセ,,20,760
4955985060685,KW-597,ワクワク　キッズバドミントンセット,株式会社カワセ,,48,450
4955985123175,KW-592,バドミントンセットネット付,株式会社カワセ,,12,1280
4955985060579,KW-239,どこでもバドミントンセット,株式会社カワセ,,3,3620
4955985060708,KW-235,どこでもバドミントンセット＆スピンソーサー,株式会社カワセ,,3,3700
4955985060395,KW-395,シャトルコック　３Ｐ,株式会社カワセ,,24,110
4955985060418,KW-418,シャトルコックフェザー　３Ｐ,株式会社カワセ,,24,240
4955985060623,KW-623,シャトルコックカラー　４Ｐ,株式会社カワセ,,24,110
4955985060401,KW-608,シャトルコックミックス　４Ｐ,株式会社カワセ,,24,180
4955985070844,KW-924,ＪＲ　テニスラケット,株式会社カワセ,,24,940
4955985070837,KW-925,ＪＲテニスラケットセット,株式会社カワセ,,10,2000
4955985070820,KW-926,軟式テニスラケット（一体成型),株式会社カワセ,,24,1500
4955985070936,KW-928,硬式テニスラケット（一体成型）,株式会社カワセ,,24,1590
4955985070929,KW-929,硬式テニスラケット,株式会社カワセ,,24,1000
4955985070295,KW-300,硬式テニスボール　１Ｐ,株式会社カワセ,,240,90
4955985070431,KW-431,硬式テニスボール　２Ｐ,株式会社カワセ,,120,170
4955985070325,KW-325,硬式テニスボール　６Ｐ,株式会社カワセ,,40,480
4955985070332,KW-326,硬式テニスボール　１２Ｐ,株式会社カワセ,,16,1080
4955985070240,KW-240W,軟式テニスボール　２Ｐ　ホワイト,株式会社カワセ,,12,450
4955985070226,KW-240Y ,軟式テニスボール　２Ｐ　イエロー,株式会社カワセ,,12,450
4955985070950,KW-895,硬式テニストレーナー　Ｓ,株式会社カワセ,,12,590
4955985070967,KW-896,硬式スペアボール　Ｓ,株式会社カワセ,,24,270
4955985070974,KW-897,軟式テニストレーナー　Ｓ,株式会社カワセ,,12,750
4955985070981,KW-898,軟式スペアボール　Ｓ,株式会社カワセ,,24,400
4955985070523,KW-499,軟式テニスボール空気入れ,株式会社カワセ,,24,320
4955985050327,KW-327B,木製バット　６５ｃｍ,株式会社カワセ,,24,810
4955985050334,KW-334B,木製バット　７０ｃｍ,株式会社カワセ,,24,1030
4955985050341,KW-341B,木製バット　７５ｃｍ,株式会社カワセ,,24,1140
4955985050358,KW-358B,木製バット　８０ｃｍ,株式会社カワセ,,24,1300
4955985050365,KW-359B,木製バット　８５ｃｍ,株式会社カワセ,,24,1420
4955985050419,KW-419B,金属バット　７０ｃｍ　ＳＶ,株式会社カワセ,,30,1620
4955985050426,KW-426B,金属バット　７５ｃｍ　ＳＶ,株式会社カワセ,,30,1750
4955985050433,KW-433B,金属バット　８０ｃｍ　ＳＶ,株式会社カワセ,,30,1950
4955985050471,KW-471B,金属バット　８５ｃｍ　ＳＶ,株式会社カワセ,,25,2140
4955985050884,KW-034,野球ボール　一般用　２Ｐ,株式会社カワセ,,12,600
4955985051904,KW-060,野球ボール　少年用　２Ｐ,株式会社カワセ,,12,600
4955985051133,KW-038,カラーボール　２Ｐ,株式会社カワセ,,120,150
4955985051898,KW-039,カラー野球ボール　２Ｐ,株式会社カワセ,,120,150
4955985050693,KW-040,やわらかボール　軟式タイプ,株式会社カワセ,,120,220
4955985050709,KW-041,やわらかボール　硬式タイプ,株式会社カワセ,,120,220
4955985051676,KW-022,ソフトボール　３号,株式会社カワセ,,20,350
4955985122598,KW-541,カラーバット,株式会社カワセ,,12,310
4955985120532,KW-532,カキーンバット,株式会社カワセ,,24,700
4955985122567,KW-538,デカバット,株式会社カワセ,,6,750
4955985051454,KW-543,キッズベースボールセット,株式会社カワセ,,24,790
4955985121928,KW-536,ジャンボカラーバット,株式会社カワセ,,24,490
4955985051379,KW-305B,キッズグローブ８インチボール付,株式会社カワセ,,20,900
4955985051737,KW-342,グローブトンボ　８．５インチ,株式会社カワセ,,20,790
4955985050181,KW-312,グローブトンボ　９インチ　ＢＫ,株式会社カワセ,,20,820
4955985051744,KW-343,グローブトンボ　９．５インチ,株式会社カワセ,,20,900
4955985050198,KW-313,グローブトンボ　１０インチ　ＢＫ,株式会社カワセ,,20,950
4955985051355,KW-338,グローブトンボ　１０インチ　ＢＫ,株式会社カワセ,,20,950
4955985051386,KW-307,グローブバスケット　１０．５インチ,株式会社カワセ,,20,1030
4955985051751,KW-344,グローブトンボ　１１インチ,株式会社カワセ,,20,1100
4955985050303,KW-322,グローブトンボ　１２インチ　ＢＫ,株式会社カワセ,,20,1130
4955985050129,KW-323,グローブトンボ　１２インチ　ＢＫ,株式会社カワセ,,20,1150
4955985051393,KW-339,グローブ左投げ用　１０．５インチ,株式会社カワセ,,20,1030
4955985050112,KW-340,軟式キャッチャーミット,株式会社カワセ,,12,1790
4955985122833,KW-542,バッティングティ,株式会社カワセ,,3,1900
4955985051478,KW-545,バッティングマシンセット,株式会社カワセ,,4,2270
4955985051362,KW-310,親子グローブセット,株式会社カワセ,,12,2000
4955985120464,KW-464,スポンジソフトバットセット,株式会社カワセ,,24,570
4955985122871,KW-442,スポンジボール（小）　２Ｐ,株式会社カワセ,,96,450
4955985080621,KW-555,スポンジボール,株式会社カワセ,,240,100
4955985051935,KW-447,ノーパンクボール,株式会社カワセ,,120,350
4955985120419,KW-419,スピンソーサー,株式会社カワセ,,24,220
4955985122697,KW-425,ソフトフライングディスク,株式会社カワセ,,24,380
4955985122857,KW-414,フライングディスク,株式会社カワセ,,24,340
4955985123267,KW-424,ソフトスピンソーサー,株式会社カワセ,,24,330
4955985122901,KW-413,ストームディスク,株式会社カワセ,,24,300
4955985122192,KW-420,ブーメランセット,株式会社カワセ,,72,240
4955985123403,KW-390,ソフトブーメラン,株式会社カワセ,,192,180
4955985123410,KW-391,スーパーブーメラン　Ｙ,株式会社カワセ,,240,180
4955985123427,KW-392,スーパーブーメラン　Ｖ,株式会社カワセ,,240,180
4955985120303,KW-303,マジックミットセット,株式会社カワセ,,24,480
4955985120723,KW-723,マジックキャッチボールセット,株式会社カワセ,,24,400
4955985122925,KW-306,マジックボール,株式会社カワセ,,36,420
4955985123335,KW-664,ソフトスプリングラケットセット,株式会社カワセ,,24,1020
4955985123465,KW-304, ﾌﾗｲﾝｸﾞｷｬｯﾁﾎﾞｰﾙｾｯﾄ,株式会社カワセ,,24,510
4955985123342,KW-665,スリングショット,株式会社カワセ,,72,240
4955985123366,KW-667,リトルウイングソフト,株式会社カワセ,,192,240
4955985123359,KW-666,ゴムで飛ばすスカイグライダー,株式会社カワセ,,24,460
4955985120679,KW-679,スプリングラケットセット,株式会社カワセ,,24,600
4955985120495,KW-495,ドラムラケットセット,株式会社カワセ,,24,720
4955985122161,KW-670,ファミスポセット,株式会社カワセ,,12,1000
4955985122116,KW-640,ボーリングセット,株式会社カワセ,,12,710
4955985122406,KW-639,ストライクボーリングセット,株式会社カワセ,,12,810
4955985123380,KW-682,ワンダーダーツセット,株式会社カワセ,,24,460
4955985120624,KW-624,セーフティダーツセット,株式会社カワセ,,50,460
4955985122055,KW-625,セフティマグネットダーツ,株式会社カワセ,,12,900
4955985122383,KW-582,ミニバスケットゴール,株式会社カワセ,,24,470
4955985122123,KW-641,輪投げセット,株式会社カワセ,,18,670
4955985122253,KW-645,ビリヤードセット,株式会社カワセ,,4,1950
4955985011199,KW-147,クリスタルトビナワ　名札入れ,株式会社カワセ,,12,120
4955985123397,KW-683,アーチェリーヒットターゲット,株式会社カワセ,,12,1200
4955985122413,KW-374,パターゴルフセット,株式会社カワセ,,48,330
4955985122789,KW-658,キッズドライバーセット,株式会社カワセ,,24,300
4955985080959,KW-429,PＵラクビーボール,株式会社カワセ,,24,500
4955985080843,KW-556,スポーツボール　サッカー,株式会社カワセ,,24,75
4955985080850,KW-557,スポーツボール　野球,株式会社カワセ,,24,75
4955985080867,KW-558,スポーツボール　バスケ,株式会社カワセ,,24,75
4955985080874,KW-559,スポーツボール　テニス,株式会社カワセ,,24,75
4955985080898,KW-560,ＰＵ　スポーツボール,株式会社カワセ,,24,75
4955985051928,KW-446,ハイジャンプボール,株式会社カワセ,,288,150
4955985080270,KW-08,ポムポムボール　８インチ,株式会社カワセ,,60,230
4955985080287,KW-10,ポムポムボール　１０インチ,株式会社カワセ,,60,270
4955985080607,KW-15,イガグリボール　８インチ,株式会社カワセ,,60,310
4955985080188,KW-188,ゴムドッジボール,株式会社カワセ,,25,440
4955985080423,KW-187Y,ナイロンワンド　ドッジボール　２号　ＢＯＸ,株式会社カワセ,,6,810
4955985080225,KW-225,ＰＶＣバレーボール　４号　BOX,株式会社カワセ,,6,860
4955985080775,KW-226,ＰＶＣバレーボール　５号　BOX,株式会社カワセ,,6,980
4955985123441,KW-477,バレーボールトレーナー,株式会社カワセ,,24,930
4955985070554,KW-497,空気針２Ｐ　ＥＵ規格,株式会社カワセ,,72,50
4955985070561,KW-498,空気針２Ｐ　ＵＳＡ規格,株式会社カワセ,,72,50
4955985070493,KW-493,スポーツポンプ,株式会社カワセ,,12,260
4955985070516,KW-491,Ｗスポーツポンプ,株式会社カワセ,,12,270
4955985070530,KW-489,ラクラクＷポンプ,株式会社カワセ,,12,610
4955985070547,KW-490,コンパクトＷポンプ,株式会社カワセ,,12,470
4955985080799,KW-437,ダブルポンプ＆空気圧計,株式会社カワセ,,12,620
4955985080805,KW-438,空気圧計,株式会社カワセ,,12,760
4955985080386,KW-486,ボールネット,株式会社カワセ,,24,200
4955985080652,KW-565,プラホイッスル,株式会社カワセ,,24,140
4955985080645,KW-564,メタルホイッスル,株式会社カワセ,,24,320
4955985122895,KW-444,ミニサッカーボール　２Ｐ,株式会社カワセ,,60,180
4955985081147,KW-224YSBL,ソフトサッカーボール２号,株式会社カワセ,,12,540
4955985080928,KW-227YSBL,ソフトサッカーボール３号,株式会社カワセ,,12,750
4955985081116,KW-203,フットサルボール　４号　BOX,株式会社カワセ,,6,850
4955985080201,KW-201,ゴムサッカーボール,株式会社カワセ,,25,400
4955985080140,KW-140,ＰＶＣサッカーボール　４号,株式会社カワセ,,12,700
4955985080102,KW-142,ＰＵサッカーボール　４号　BOX,株式会社カワセ,,6,970
4955985080737,KW-148,ＰＶＣサッカーボール　５号,株式会社カワセ,,12,720
4955985080119,KW-141,ＰＶＣサッカーボール　５号　ＢＯＸ,株式会社カワセ,,6,970
4955985080720,KW-143,ＰＵサッカーボール　５号　ＢＯＸ,株式会社カワセ,,6,1050
4955985122260,KW-487,サッカートレーナー,株式会社カワセ,,24,830
4955985122208,KW-580,サッカーゴールセット,株式会社カワセ,,12,1260
4955985123373,KW-653,ＦＤサッカーゴールセット,株式会社カワセ,,12,1860
4955985122703,KW-656,ターゲットサッカーゴールセット,株式会社カワセ,,12,2100
4955985123205,KW-548,リバウンドサッカーゴール,株式会社カワセ,,2,5000
4955985080492,KW-492,キャンパスバスケットボール　５号,株式会社カワセ,,25,500
4955985080515,KW-485,ＰＶＣバスケットボール　５号　ＢＯＸ,株式会社カワセ,,6,1150
4955985080812,KW-482,ＰＶＣバスケットボール６号　ＢＯＸ,株式会社カワセ,,6,1260
4955985080744,KW-483,キャンパスバスケットボール　７号,株式会社カワセ,,25,530
4955985080751,KW-484,ＰＶＣバスケットボール　７号　ＢＯＸ,株式会社カワセ,,6,1320
4955985122369,KW-567,バスケットゴール　リングネット,株式会社カワセ,,24,400
4955985122772,KW-649,バスケットゴールセット,株式会社カワセ,,6,1250
4955985122673,KW-587,バスケットゴールセット　４５,株式会社カワセ,,6,2700
4955985122758,KW-647,バスケットボード　５０,株式会社カワセ,,6,970
4955985121973,KW-577,バスケットボード　６０,株式会社カワセ,,8,1050
4955985121959,KW-579,バスケットボード　８０,株式会社カワセ,,4,2290
4955985122604,KW-583,バスケットボード　９０,株式会社カワセ,,2,4840
4955985121942,KW-569,ダーツ・バスケットセット,株式会社カワセ,,4,2980
4955985121980,KW-576,ポータブルバスケットボールスタンド,株式会社カワセ,,3,4350
4955985040014,KW-014,卓球ラケットセット　ペンホルダー,株式会社カワセ,,10,500
4955985040021,KW-021,卓球ラケットセット　シェイクハンド,株式会社カワセ,,10,480
4955985040403,KW-015,卓球ラケットセットＤ　ペンホルダー,株式会社カワセ,,10,630
4955985040410,KW-016,卓球ラケットセットＤ　シェイクハンド,株式会社カワセ,,10,630
4955985040038,PK-1000,卓球ラケット（ペンホルダー）,株式会社カワセ,,10,350
4955985040113,SK-1600,卓球ラケット（シェイクハンド）,株式会社カワセ,,10,390
4955985040298,KW-252,卓球ボール　１００Ｐセット,株式会社カワセ,,8,1650
4955985040199,KW-199,卓球ボール　３Ｐ,株式会社カワセ,,24,100
4955985040281,KW-251,卓球スポーツボール　３Ｐ,株式会社カワセ,,24,100
4955985040243,KW-243,卓球ボールラージＷＴ　６Ｐ,株式会社カワセ,,24,140
4955985040250,KW-250,卓球ボールラージＯＲ　６Ｐ,株式会社カワセ,,24,140
4955985040007,KW-312,ミニピンポンセット,株式会社カワセ,,10,260
4955985040441,KW-370,サポート＆ネットセット,株式会社カワセ,,12,760
4955985040465,KW-020,どこでも卓球セット,株式会社カワセ,,12,1770
4955985040373,KW-367,ミニピンポン台セット,株式会社カワセ,,6,1640
4955985040496,KW-376,エンジョイ卓球台セット,株式会社カワセ,,1,9830
4955985122451,KW-451,キックスケーター,株式会社カワセ,,6,1900
4955985122543,KW-454,キックスケーター　1４４,株式会社カワセ,,4,4000
4955985122970,KW-459,キックスケーター　２００,株式会社カワセ,,2,8500
4955985122444,KW-046,プロテクターセット　４Ｐ,株式会社カワセ,,24,810
4955985122499,KW-172,プロテクターセット　６Ｐ,株式会社カワセ,,24,1000
4955985121195,KW-119,スポーツヘルメット,株式会社カワセ,,24,780
4955985123052,KW-465Ｂ,インラインスケート　シェルブーツタイプ　ＢＫ,株式会社カワセ,,4,3600
4955985123069,KW-465P,インラインスケート　シェルブーツタイプ　ＰＫ,株式会社カワセ,,4,3600
4955985121850,KW-052,セフティーコーン　７インチ,株式会社カワセ,,12,450
4955985122420,KW-055,マーカーコーン１０枚組,株式会社カワセ,,48,600
4955985222397,KW-970P,スノーボード大　ＰＫ,株式会社カワセ,,10,600
4955985222373,KW-970SBL,スノーボード大　ＳＢＬ,株式会社カワセ,,20,600
4955985222441,KW-973P,スノーボード小　ＰＫ,株式会社カワセ,,20,470
4955985222427,KW-973SBL,スノーボード小　ＳＢＬ,株式会社カワセ,,20,470
4955985222472,KW-974P,ヒップソリ　ＰＫ,株式会社カワセ,,30,280
4955985222465,KW-974G,ヒップソリ　ＧＲ,株式会社カワセ,,30,280
4955985222458,KW-974SBL,ヒップソリ　ＳＢＬ,株式会社カワセ,,30,280
4955985070653,KW-441,イエローボール　２P,株式会社カワセ,,120,130
4955985123489,KW-696,やわらかミサイルS,株式会社カワセ,,72,290
4955985123496,KW-697,やわらかミサイルM,株式会社カワセ,,72,420
4955985123502,KW-698,やわらかミサイルL,株式会社カワセ,,48,590
4955985123519,KW-675,ゴムでとばすスカイグライダー４８,株式会社カワセ,,24,600
4955985123472,KW-668,スカイミサイル,株式会社カワセ,,96,450
4955985123533,KW-676,ロケットランチャー,株式会社カワセ,,36,770
4955985123557,KW-684,ソフトボールアーチェリー,株式会社カワセ,,24,600
4955985123540,KW-633,ターゲットシューティング,株式会社カワセ,,12,900
4955985123571,kw-685,トスゲーム,株式会社カワセ,,12,980
4955985169982,bd-483,串台,株式会社カワセ,,30,360
4955985197039,bd-749be,クーラーバック20Ｌ,株式会社カワセ,,20,1350
4955985012301,kw-096,ハンドグリップ10ｋｇ,株式会社カワセ,,100,130
4955985012318,kw-097,ハンドグリップ20ｋｇ,株式会社カワセ,,100,130
4955985012325,kw-098,ハンドグリップ30ｋｇ,株式会社カワセ,,100,130
4955985012332,kw-099,ハンドグリップ40ｋｇ,株式会社カワセ,,100,190
4955985012349,kw-100,ハンドグリップ50ｋｇ,株式会社カワセ,,100,230
4955985021310,kw-278,ハイフィットリストアンクルウエイト0.5*2,株式会社カワセ,,12,600
4955985021327,kw-279,ハイフィットリストアンクルウエイト1.0*2,株式会社カワセ,,6,850
4955985021334,kw-280,ハイフィットリストアンクルウエイト1.5*2,株式会社カワセ,,6,1080
4955985021341,kw-281,ハイフィットリストアンクルウエイト2.0*2,株式会社カワセ,,4,1400
4955985198944,bd-108wg,バカンスチェアM,株式会社カワセ,,20,480
4955985198937,bd-108ol,バカンスチェアM,株式会社カワセ,,20,480
4955985198951,bd-109ol,バカンスチェアL,株式会社カワセ,,12,680
4955985198968,bd-109wg,バカンスチェアL,株式会社カワセ,,12,680
4955985198999,bd-187ol,ラウンジチェア オリーブ,株式会社カワセ,,6,1100
4955985199002,bd-187wg,ラウンジチェア　ウォームグレー,株式会社カワセ,,6,1100
4955985023949,imc-172ag,ハイグリップヨガマット　8ｍｍ,株式会社カワセ,,12,1000
4955985023932,imc-172gb,ハイグリップヨガマット　8ｍｍ,株式会社カワセ,,12,1000
4955985123656,kw-413by,ストームディスク,株式会社カワセ,,24,300
4955985012219,kw-776cg,ジョギングダンベル　1.0ｋｇ,株式会社カワセ,,18,520
4955985012202,kw-775smb,ジョギングダンベル　0.75ｋｇ,株式会社カワセ,,18,420
4955985024021,kw-887pp,健康足踏み,株式会社カワセ,,20,310
4955985123564,kw-308,やわらかチャンバラ,株式会社カワセ,,36,360
4976790717021,M-1702,CS パラソルキャリーバッグ,パール金属株式会社,,10,725
4976790733182,M-3318,EVAフォームマット56×182cm,パール金属株式会社,,20,1555
4976790733328,M-3332,FDザブトン(レッド),パール金属株式会社,,10,320
4976790733335,M-3333,FDザブトン(ブラック),パール金属株式会社,,10,320
4976790733366,M-3336,シルバー コンパクトざぶとん,パール金属株式会社,,20,80
4953041704085,M-408,ビッグマウント 木柄バーベキュー串440mm(角棒)③,パール金属株式会社,,10,265
4953041704092,M-409,ビッグマウント 共柄バーベキュー串430mm(スパイラル)③,パール金属株式会社,,10,265
4976790751506,M-5150,雷神 チップ型LEDランタン(カラビナ付),パール金属株式会社,,6,1170
4976790751643,M-5164,虫よけパラフィンオイル500mL,パール金属株式会社,,10,615
4976790755160,M-5516,ライン ステンレスフォーク,パール金属株式会社,,10,325
4976790755184,M-5518,ライン ステンレスカトラリーセット,パール金属株式会社,,10,580
4976790763523,M-6352,マイクロ ガスバーナーコンロ,パール金属株式会社,,30,4700
4976790764988,M-6498,ヘキサ ステンレス ファイアグリル<M>,パール金属株式会社,,8,2900
4976790764995,M-6499,ヘリオン バーベキューコンロ,パール金属株式会社,,12,1200
4976790765008,M-6500,ヘキサ ステンレス ファイアグリル,パール金属株式会社,,4,4700
4976790765701,M-6570,ニューアイガーグリドル<L>600×400mm,パール金属株式会社,,3,2700
4976790765718,M-6571,ニューアイガーグリドル<M>450×315mm,パール金属株式会社,,5,1480
4976790765725,M-6572,ニューアイガーグリドル<S>370×240mm,パール金属株式会社,,10,980
4560464295733,UG-1594,BBQグリドル ＜S＞ 370×240mm,パール金属株式会社,,10,750
4560464295740,UG-1595,BBQグリドル ＜M＞ 450×315mm,パール金属株式会社,,5,1200
4560464295757,UG-1596,BBQグリドル ＜L＞ 550×410mm,パール金属株式会社,,3,2100
4976790766357,M-6635,炭焼き名人 七輪用ゴトク,パール金属株式会社,,10,610
4976790766364,M-6636,炭焼き名人 ハンディ火起こし器,パール金属株式会社,,10,350
4976790766487,M-6648,バーベキュー取り皿20cm 6枚組,パール金属株式会社,,10,125
4976790766500,M-6650,アルミ 丸型なべ<大> 2枚組,パール金属株式会社,,10,215
4976790766562,M-6656,アルミ バーベキュー深型プレート28．5cm 2枚組,パール金属株式会社,,10,150
4976790766593,M-6659,アルミ バーベキュー仕切付三つ口プレート 3個組,パール金属株式会社,,10,150
4976790766999,M-6699,ヘキサ バーベキューアミ455×395mm,パール金属株式会社,,10,530
4976790767019,M-6701,ビガーチャコールブリケット,パール金属株式会社,,12,260
4976790767101,M-6710,ファイアブロック着火剤 30片入,パール金属株式会社,,10,220
4976790767118,M-6711,ファイアブロック着火剤 9片入,パール金属株式会社,,20,85
4976790767286,M-6728,豆炭3kg入,パール金属株式会社,,6,600
4976790767309,M-6730,イージーチャコール,パール金属株式会社,,24,140
4976790771580,M-7158,プラペグ 23cm 4本組,パール金属株式会社,,10,270
4976790771597,M-7159,ゴムハンマー,パール金属株式会社,,10,428
4976790773225,M-7322,ファイアメイト カップ付燃料 30g⑥,パール金属株式会社,,10,315
4976790773782,M-7378,携帯用レインコート,パール金属株式会社,,10,185
4976790776219,M-7621,キャプテンスタッグ ガスカセットボンベ3本パック,パール金属株式会社,,16,550
4976790776288,M-7628,レスト 鉄板焼器・アミ用ブラシ(ブラック),パール金属株式会社,,10,162
4976790777155,M-7715,キャンピングスプーンセット(箸付),パール金属株式会社,,10,290
4976790779005,M-7900,オーリック小型ガスバーナーコンロ<圧電点火装置付>(ケース付),パール金属株式会社,,30,2750
4976790779036,M-7903,小型ガスバーナーコンロ・クッカーセット<圧電点火装置付>(ケース付),パール金属株式会社,,12,4500
4976790780513,M-8051,バーベキュー丸串 18cm 5本組,パール金属株式会社,,10,270
4976790780520,M-8052,バーベキュー串 30cm 3本組,パール金属株式会社,,10,255
4976790780537,M-8053,魚串 35cm 5本組,パール金属株式会社,,10,270
4976790780568,M-8056,キャンピング折込庖丁,パール金属株式会社,,6,945
4976790782500,M-8250,レギュラーガスカートリッジ CS-500,パール金属株式会社,,12,665
4976790782517,M-8251,レギュラ-ガスカートリッジ CS-250,パール金属株式会社,,24,405
4976790782722,M-8272,ペグ抜取器,パール金属株式会社,,10,225
4976790782739,M-8273,プラペグ 30．5cm 4本組,パール金属株式会社,,10,338
4976790782760,M-8276,スチール丸棒ペグ 25cm,パール金属株式会社,,20,77
4976790782937,M-8293,アルペンランタン用キャンドル 6個組,パール金属株式会社,,10,270
4976790782968,M-8296,シルバーサバイバルシ-ト210×140cm,パール金属株式会社,,20,225
4976790783132,M-8313,アルミカセットコンロ用ウインドスクリ-ン,パール金属株式会社,,6,1350
4976790783873,M-8387,テント張綱ストレッチコード 4本組,パール金属株式会社,,10,203
4976790783958,M-8395,丸スチールペグ21cm 5本組,パール金属株式会社,,10,293
4976790783996,M-8399,スチール丸棒ネイルペグ25cm 4本組,パール金属株式会社,,5,293
4976790784009,M-8400,プラスチックペグハンマー,パール金属株式会社,,10,383
4976790784054,M-8405,パワーガスカートリッジ PX-500,パール金属株式会社,,12,795
4976790784061,M-8406,パワーガスカートリッジ PX-250,パール金属株式会社,,24,460
4976790788090,M-8809,大型五徳ガスバーナーコンロ 収納バッグ付,パール金属株式会社,,10,5000
4976790792318,M-9231,丸スチ-ルペグ21cm ①,パール金属株式会社,,20,63
4976790792400,M-9240,レジャーシート用PCピン 6本組,パール金属株式会社,,10,131
4976790794985,M-9498,スモーカー用フック 10個組,パール金属株式会社,,10,135
4976790795005,M-9500,スモーカー用巻糸20m,パール金属株式会社,,10,108
4976790795036,M-9503,抗菌コールドパック<L>1000g,パール金属株式会社,,12,廃番
4976790795043,M-9504,抗菌コールドパック<M>750g,パール金属株式会社,,18,廃番
4976790795050,M-9505,抗菌コールドパック<S>500g,パール金属株式会社,,26,廃番
4976790795128,M-9512,抗菌ホリデージョイ スタッキングカップ230mL 5個組,パール金属株式会社,,10,310
4976790795135,M-9513,抗菌PC．どんぶり600mL 5個組,パール金属株式会社,,10,325
4976790795142,M-9514,抗菌深型プレート20cm 5枚組,パール金属株式会社,,10,385
4976790795159,M-9515,抗菌深型プレート16cm 5枚組,パール金属株式会社,,10,310
4976790795166,M-9516,抗菌深型プレート12cm 5枚組,パール金属株式会社,,10,275
4976790795173,M-9517,抗菌仕切付プレート21cm 5枚組,パール金属株式会社,,10,425
4976790795180,M-9518,抗菌小判型カレー皿 5枚組,パール金属株式会社,,6,515
4976790795203,M-9520,抗菌ラウンドプレート20cm 5枚組,パール金属株式会社,,10,385
4976790795210,M-9521,抗菌ラウンドプレート16cm 5枚組,パール金属株式会社,,10,275
4976790796415,M-9641,ランタン用パラフィンオイル 500mL,パール金属株式会社,,10,470
4976790797740,M-9774,双眼鏡6×30mm(ブルー),パール金属株式会社,,10,380
4949669315437,ME-1543,スノーボート タイプ-1 大 (ピンク),パール金属株式会社,,20,770
4949669315451,ME-1545,スノーボート タイプ-1 大 (サックス),パール金属株式会社,,20,770
4949669315499,ME-1549,スノーボート タイプ-1 小 (ピンク),パール金属株式会社,,20,590
4949669315512,ME-1551,スノーボート タイプ-1 小 (サックス),パール金属株式会社,,20,590
4560464262971,UA-44,モンテ スクリーンツールームドームテント<5～6人用>,パール金属株式会社,,1,25330
4560464241105,UA-4507,セブンカラーズ ジュラルミン自在(カラビナ付),パール金属株式会社,,10,465
4560464261370,UA-4514,スチールポール180BK 2本セット(ロープ・ペグ付),パール金属株式会社,,10,1950
4560464261387,UA-4515,スチールポール160BK 2本セット(ロープ・ペグ付),パール金属株式会社,,10,1650
4560464277708,UA-4533,自在付カラーロープφ5mm×450cm 2本組(オレンジ),パール金属株式会社,,10,315
4560464277722,UA-4535,カラーロープφ3．5mm×20m(レッド),パール金属株式会社,,10,495
4560464277739,UA-4536,カラーロープφ3．5mm×20m(イエロー),パール金属株式会社,,10,495
4560464267099,UA-50,クレセント 3人用ドームテント(アンバー),パール金属株式会社,,4,4160
4560464287936,UA-69,キャンプアウト ポップアップテントUVフルクローズ(エイジンググレー),パール金属株式会社,,6,4150
4560464264937,UC-1678,モンテ ロースタイル ソロベンチ(カーキ),パール金属株式会社,,4,3700
4560464272635,UC-1802,アルミソロベンチ用 リラックスクッションカバー (ブラック),パール金属株式会社,,6,2250
4560464278798,UC-1833,トレッカー ザ ライトチェア(ブラック),パール金属株式会社,,10,3200
4560464279429,UC-1835,トレッカー ザ ライトチェア(カーキ),パール金属株式会社,,10,3200
4560464293951,UC-1887,クールメッシュ リラックスラウンジチェア（ブラック）,パール金属株式会社,,6,1580
4560464293968,UC-1888,クールメッシュ リラックスラウンジチェア（アイボリー）,パール金属株式会社,,6,1580
4560464301311,UC-1920,棚モック付きアルミディレクターチェア（ブラック）＜サイドテーブル付＞,パール金属株式会社,,4,3950
4560464301328,UC-1921,ビバレー スリムディレクターチェア＜棚モック付＞,パール金属株式会社,,4,3000
4560464230284,UC-501,ロースタイル アルミロールテーブル,パール金属株式会社,,8,2100
4560464282252,UC-572,ビストロフォールディングテーブル 90×45 <高さ4段階調節付>,パール金属株式会社,,3,4000
4560464233698,UD-7,スポーツ観戦用UV仕様パラソル(シルバー),パール金属株式会社,,12,895
4560464297782,UD-78,CSブラックラベル スポーツ観戦用UV仕様パラソル（ブラック）,パール金属株式会社,,12,1080
4560464233704,UD-8,スポーツ観戦用UV仕様パラソル(ブラック),パール金属株式会社,,12,895
4560464298673,UE-105,シエロクーラーボックス8（マットグレー）,パール金属株式会社,,12,870
4560464298680,UE-106,シエロクーラーボックス14（マットグレー）,パール金属株式会社,,8,1180
4560464298697,UE-107,シエロクーラーボックス25（マットグレー）,パール金属株式会社,,6,1770
4560464298703,UE-108,シエロクーラーボックス35（マットグレー）,パール金属株式会社,,4,2420
4560464303216,UE-111,真空断熱スーパーコールドクーラーボックス21,パール金属株式会社,,2,7500
4560464303223,UE-112,真空断熱スーパーコールドクーラーボックス45,パール金属株式会社,,1,10500
4560464251203,UE-2020,リガード ウォータージャグ＆クーラー18L(ブルー),パール金属株式会社,,2,5500
4560464282610,UE-3556,モンテ ダブルステンレスマグカップ350(ビンテージグリーン),パール金属株式会社,,6,800
4560464282627,UE-3557,モンテ ダブルステンレスマグカップ350(ベージュ),パール金属株式会社,,6,800
4560464299250,UE-688,クールタイムケースS（ブラック／オリジナル）,パール金属株式会社,,10,250
4560464299267,UE-689,クールタイムケースS（ボルドー／クラシック）,パール金属株式会社,,10,250
4560464299274,UE-690,クールタイムケースS（オールドオレンジ／76）,パール金属株式会社,,10,250
4560464299281,UE-691,クールタイムケースS（ターコイズ／レーシングストライプ）,パール金属株式会社,,10,250
4560464299298,UE-692,クールタイムケースS（クリームイエロー／マルチボーダー）,パール金属株式会社,,10,250
4560464299304,UE-693,クールタイムケースS（レトロフラワー）,パール金属株式会社,,10,250
4560464242751,UF-12,アルミ ウインドスクリーン,パール金属株式会社,,10,785
4560464256291,UF-16,スライド ミニトーチ,パール金属株式会社,,10,610
4560464259995,UF-19,キャンドル ガスランタン,パール金属株式会社,,40,2700
4560464276657,UF-26,トレッカー カセットガスバーナーコンロ,パール金属株式会社,,30,3000
4560464286113,UF-34,オーリック フィットテーブル,パール金属株式会社,,8,3700
4560464233988,UF-4,アルミ スライドランタンスタンド,パール金属株式会社,,6,2000
4560464299243,UF-43,ハンディロック ガストーチ,パール金属株式会社,,10,1350
4560464301489,UF-44,ハンディロック ガストーチ・ボンベセット,パール金属株式会社,,10,1500
4560464230260,UG-1053,ログハウス スモーカー・ブロックセット<ミニ>,パール金属株式会社,,20,670
4560464248265,UG-1550,アルミ バーベキュー 仕切付丸型プレート4枚組,パール金属株式会社,,10,150
4560464260588,UG-1554,鋳物 グリルプレート <B6>,パール金属株式会社,,10,330
4560464263701,UG-1566,BBQ アルミ角型プレート 17×10．5cm 4枚組,パール金属株式会社,,10,125
4560464271171,UG-1569,鋳物 グリルプレート B5,パール金属株式会社,,6,900
4560464284140,UG-1575,ファイバーライン スキレット 22cm＜ロング＞,パール金属株式会社,,10,1250
4560464258585,UG-2011,カマド スマートグリル B6型用アミ,パール金属株式会社,,10,190
4560464262087,UG-2017,カマド スマートグリル B5型用アミ,パール金属株式会社,,10,280
4560464266900,UG-2021,ヘキサ<M>バーベキューアミ 285×255mm,パール金属株式会社,,10,335
4560464272987,UG-2024,BBQ アメリカングリル ストレートアミφ410mm,パール金属株式会社,,10,575
4560464271812,UG-2030,カマド スマートグリル B5型用 マルチパネル,パール金属株式会社,,10,640
4560464264036,UG-30,グリルスタンド テーブル(風防付き),パール金属株式会社,,12,1480
4560464243833,UG-3213,BBQ グリルフォーク 35cm 3本組,パール金属株式会社,,10,240
4560464268959,UG-3269,Solo スリムトング 25cm,パール金属株式会社,,10,170
4560464269802,UG-3272,BBQ 割り箸トング,パール金属株式会社,,10,250
4560464269888,UG-3275,BBQ ステンレス 角型トレー<大>,パール金属株式会社,,10,495
4560464272857,UG-3279,アウトドア レザーグローブ(ブラック),パール金属株式会社,,10,600
4560464259087,UG-42,カマド スマートグリル B5型 (3段調節),パール金属株式会社,,6,1400
4560464259094,UG-43,カマド スマートグリル B6型 (3段調節),パール金属株式会社,,12,950
4560464266597,UG-61,BBQ スモーク オーブングリル <ミニ>,パール金属株式会社,,4,3050
4560464268355,UG-67,BBQ ステンレス グリル <500>,パール金属株式会社,,4,3100
4560464235944,UH-1,ブルーブラックコート どんぶり,パール金属株式会社,,10,250
4560464271294,UH-2007,NEWパラオ ダブルステンマグカップ350mL,パール金属株式会社,,6,800
4560464271348,UH-2012,NEWフリーダム ダブルステンマグカップ350mL,パール金属株式会社,,6,635
4560464271355,UH-2013,NEWフリーダム ダブルステンマグカップ470mL,パール金属株式会社,,6,750
4560464271362,UH-2014,NEWレジェルテ ステンレスマグカップ310mL,パール金属株式会社,,6,500
4560464283334,UH-3035,ダブルエンボス ミニしゃもじ16cm(PBT),パール金属株式会社,,10,150
4560464269932,UH-39,ダブルステン樽型マグカップ420mL,パール金属株式会社,,6,1050
4560464252330,UH-4101,アルミキャンピングケットル700mL,パール金属株式会社,,12,1150
4560464252347,UH-4102,アルミキャンピングケットル1．3L,パール金属株式会社,,12,1250
4560464269819,UH-4703,安全包丁サヤ (カーキ),パール金属株式会社,,10,400
4560464270129,UH-4707,B5収納 カッティングボード(ホワイト),パール金属株式会社,,10,370
4560464275445,UH-4710,カーブ 万能キッチンバサミ (ミニ),パール金属株式会社,,10,840
4560464280289,UH-4714,折り込みナイフ,パール金属株式会社,,10,428
4560464230277,UJ-501,着火 豆炭 500g,パール金属株式会社,,24,145
4560464248722,UJ-509,オガ備長炭 3kg入,パール金属株式会社,,6,950
4560464234695,UK-4004,リムーブ LEDランタンDX,パール金属株式会社,,8,2000
4560464234701,UK-4005,リムーブ LEDランタンDX(ミニ),パール金属株式会社,,12,1550
4560464234497,UK-4009,ポップアップランタン(セクシーベリー)カラビナ付,パール金属株式会社,,12,廃番
4560464252637,UK-4030,NEWグロリア アルミLEDランタン＆ライト type2,パール金属株式会社,,6,1100
4560464260335,UK-4052,カラーチェンジ LEDランタン,パール金属株式会社,,12,1700
4560464261554,UK-4055,雷神 COBランタン,パール金属株式会社,,12,2600
4560464263916,UK-4056,スライド3WAYランタン,パール金属株式会社,,12,1675
4560464269055,UK-5004,CS オイルランタン用替え芯〈小〉 3本組,パール金属株式会社,,10,290
4560464269062,UK-5005,CS オイルランタン用替え芯〈中・大兼用〉 3本組,パール金属株式会社,,10,290
4560464268997,UK-505,CS オイルランタン〈小〉(ブロンズ),パール金属株式会社,,24,1300
4560464284621,UK-511,CS オイルランタン〈小〉(シルバー),パール金属株式会社,,24,1300
4560464284645,UK-513,CS オイルランタン〈大〉(シルバー),パール金属株式会社,,12,1650
4560464289404,UK-517,CS キャンドルランタン (ブロンズ),パール金属株式会社,,24,980
4560464266931,UM-1533,CSマルチツール 5ミニ,パール金属株式会社,,10,335
4560464266948,UM-1534,CSマルチツール 13,パール金属株式会社,,10,485
4560464276145,UM-1544,キャンプアウトステッカー(クリア)90×65mm,パール金属株式会社,,10,195
4560464276183,UM-1548,CSデザインステッカー(シカランタン・オーバル)47×67mm,パール金属株式会社,,10,150
4560464281422,UM-1564,カラビナ付ループロープ(チロリアン),パール金属株式会社,,10,1000
4560464284515,UM-1580,CS ランタンケース<M>(オリーブ),パール金属株式会社,,15,1000
4560464287967,UM-1606,鹿番長印ノ蚊取線香(極黒厚太) CS×住友化学園芸,パール金属株式会社,,24,680
4560464287974,UM-1607,鹿番長印ノ虫除スプレー(直噴＆広角噴霧) CS×住友化学園芸,パール金属株式会社,,25,680
4560464291780,UM-1622,鹿番長印ノ虫除線香 極赤厚太(アブ・ブユ除けタイプ) CS×住友化学園芸,パール金属株式会社,,24,680
4560464291797,UM-1623,鹿番長印ノ虫除スプレー 殺虫＆忌避(アブ・ブユ除けタイプ) CS×住友化学園芸,パール金属株式会社,,25,680
4560464291803,UM-1624,鹿番長印ノ虫除ミスト60ml CS×住友化学園芸,パール金属株式会社,,12,283
4560464291810,UM-1625,鹿番長印ノ虫除ミスト200ml CS×住友化学園芸,パール金属株式会社,,30,411
4560464296181,UM-1645,鹿番長印ノ蚊取線香 極黒厚太＜10巻＞ CS×住友化学園芸,パール金属株式会社,,48,340
4560464296198,UM-1646,鹿番長印ノ虫除線香 極赤厚太＜10巻＞（アブブユ除けタイプ）CS×住友化学園芸,パール金属株式会社,,48,340
4560464251302,UM-1842,アルミアクセサリー Dカラビナ<M>(シルバー),パール金属株式会社,,10,99
4560464252279,UM-1898,クリップコンパス(ブラック),パール金属株式会社,,10,810
4560464234220,UP-1014,CSクラシックス FDリビングベンチ<110>,パール金属株式会社,,2,4000
4560464252804,UP-2540,TAKE-WARE 角型カッティングボード39cm,パール金属株式会社,,6,690
4560464254273,UP-2547,TAKE-WARE 角型カッティングボード29cm,パール金属株式会社,,6,420
4560464260618,UP-2568,CSブラックラベル ラグ1820(ジオメトリック),パール金属株式会社,,6,1250
4560464272215,UP-2650,TAKE-WARE カットボード50×20,パール金属株式会社,,6,790
4560464273373,UP-2656,TAKE-WARE サムズアップマルチトレー20cm,パール金属株式会社,,6,325
4560464257748,UR-848,ハイパワーサウナスーツ   L,パール金属株式会社,,1,800
4560464257755,UR-849,ハイパワーサウナスーツ  M,パール金属株式会社,,1,800
4560464285338,US-131,アストロフィッシャー250 フラップペダル ベージュグレー K3 ,パール金属株式会社,,1,102000
4560464279917,US-152,AS フラップペダル ドライブ,パール金属株式会社,,1,68900
4560464279948,US-155,AS スタジアム スライドチェア E,パール金属株式会社,,1,12870
4560464264845,UT-1007,ブランシュ レジャーシート 90×160cm,パール金属株式会社,,10,275
4560464253917,UT-49,ホリデージョイ 抗菌 深型プレート 16cm 4枚組,パール金属株式会社,,10,480
4560464264791,UT-501,ブランシュ クーラーバッグ 4L,パール金属株式会社,,10,160
4560464264807,UT-502,ブランシュ クーラーバッグ 8L,パール金属株式会社,,10,195
4560464253931,UT-51,ホリデージョイ 抗菌  仕切付プレート 21cm 4枚組,パール金属株式会社,,10,410
4560464264814,UT-503,ブランシュ トートクーラーバッグ 4L,パール金属株式会社,,10,160
4560464264821,UT-504,ブランシュ トートクーラーバッグ 10L,パール金属株式会社,,10,245
4560464264838,UT-1006,ブランシュ クッションシート 50×50cm,パール金属株式会社,,10,125
4560464264845,UT-1007,ブランシュ レジャーシート 90×160cm,パール金属株式会社,,10,275
4560464268522,UV-66,パルティール スーツケース(TSAロック付きWFタイプ)<S>(ブラック),パール金属株式会社,,1,5750
4560464268645,UV-78,パルティール スーツケース(TSAロック付きWFタイプ)<S>(シルバー),パール金属株式会社,,1,5750
4560464290608,UV-87,キャプテンスタッグ スーツケース(TSAロックWFタイプ)<S>(オリーブ),パール金属株式会社,,1,7700
4560464282009,UW-3551,フタ付ポップアップドリッパー,パール金属株式会社,,10,520
4560464245097,UZ-13070,ホリデージョイ 抗菌 行楽食器セット 4人用,パール金属株式会社,,1,1150
4571414689168,抗菌防臭,薄型スリム骨盤ベルト,株式会社サンファミリー,,1,512
4571414689731,メンズＭ,体幹ウエストシェイパー,株式会社サンファミリー,,1,538
4571414689748,メンズＬ,体幹ウエストシェイパー,株式会社サンファミリー,,1,538
4571414694667,Ｍ,３色組Ｈウエストショーツ,株式会社サンファミリー,,1,792
4571414694674,L,３色組Ｈウエストショーツ,株式会社サンファミリー,,1,792
4571414687218,ブラックＭ,姿勢リセットベルト,株式会社サンファミリー,,1,1592
4571414687225,ブラックＬ,姿勢リセットベルト,株式会社サンファミリー,,1,1592
4571414684484,ブラック,メンズピンと背筋ベルト,株式会社サンファミリー,,1,392
4571414682893,ブラックＭ,６パックマッスルタンク,株式会社サンファミリー,,1,792
4571414682909,ブラックＬ,６パックマッスルタンク,株式会社サンファミリー,,1,792
4571414680844,ブラックＭ,６パックマッスルインナー,株式会社サンファミリー,,1,792
4571414680851,ブラックＬ,６パックマッスルインナー,株式会社サンファミリー,,1,792
4571414689779,ブラックＭ,体幹マッスルインナー,株式会社サンファミリー,,1,
4571414689786,ブラックＬ,体幹マッスルインナー,株式会社サンファミリー,,1,
4580260586033,ブラック,足首かるサポーター,株式会社サンファミリー,,1,392
4571414692458,ブラック,ムクナインアクティブ,株式会社サンファミリー,,1,792
4571414689519,ブラックＭ,Ｈウエスト美メイクショーツ,株式会社サンファミリー,,1,247
4571414689526,ブラックＬ,Ｈウエスト美メイクショーツ,株式会社サンファミリー,,1,247
4571414687287,ブラック,こっそり二の腕シェイパー,株式会社サンファミリー,,1,392
4571414684095,Ｍ,体幹加圧エクサベルト,株式会社サンファミリー,,1,512
4571414684101,L,体幹加圧エクサベルト,株式会社サンファミリー,,1,512
4571414684057,M～L,体幹加圧エクサインナー,株式会社サンファミリー,,1,792
4571414684064,L～LL,体幹加圧エクサインナー,株式会社サンファミリー,,1,792
4571414684071,M～L,体幹加圧エクサスパッツ,株式会社サンファミリー,,1,792
4571414684088,L～LL,体幹加圧エクサスパッツ,株式会社サンファミリー,,1,792
4571414680875,ブルブルブル子,リフトアップトレーナー,株式会社サンファミリー,,1,512
4571414685535,フットエクサ,フットエクサペンタゴン,株式会社サンファミリー,,1,1392
4571414697583,,ストレス発散パンチバック,株式会社サンファミリー,,1,992
4571414680653,ウエスト用,メンズ薄型４ステップ,株式会社サンファミリー,,1,792
4571414694155,２ＷＡＹ,肩甲骨ストレッチクッション,株式会社サンファミリー,,1,1192
4571414684989,ブラックＬ,６パック骨盤スパッツ,株式会社サンファミリー,,1,792
4571414696180,スリム,体幹ぴょんぴょんステッパー,株式会社サンファミリー,,1,1592
4571414690560,ブラウン,体幹ぴょんぴょんステッパー,株式会社サンファミリー,,1,1592
4571414684644,ＹＯＺＡＢＲ,ヨザ　ブラウン,株式会社サンファミリー,,1,792
4571414688185,ブラック,コシオス,株式会社サンファミリー,,1,1791
4571414688192,レッド,コシオス,株式会社サンファミリー,,1,1791
4571414692007,ブラック,コシオス プレミアム,株式会社サンファミリー,,1,1992
4571414696562,M～L,シャッキっと腰ベルト,株式会社サンファミリー,,1,1192
4571414696685,L～LL,シャッキっと腰ベルト,株式会社サンファミリー,,1,1192
4571414698177,M～L,シャッキっと腰ベルトワイド,株式会社サンファミリー,,1,1192
4571414698184,L～LL,シャッキっと腰ベルトワイド,株式会社サンファミリー,,1,1192
4571414697514,,薄型固定膝サポーター,株式会社サンファミリー,,1,512
4571414697538,,薄型固定膝サポーター,株式会社サンファミリー,,1,512
4571414698078,M～L,シャッキっと腰ベルト,株式会社サンファミリー,,1,1192
4571414698085,L～LL,シャッキっと腰ベルト,株式会社サンファミリー,,1,1192
4571414687898,グリーン,ヤワラカエコユタンポ,株式会社サンファミリー,,1,512
4571414687904,オレンジ,ヤワラカエコユタンポ,株式会社サンファミリー,,1,512
4571414696333,キャメル,キャットユタンポ,株式会社サンファミリー,,1,992
4571414696357,グレージュ,キャットユタンポ,株式会社サンファミリー,,1,992
4571414697347,,オイルスプレー　ヘッダー付,株式会社サンファミリー,,1,392
4571414697583,,ストレス発散パンチバック,株式会社サンファミリー,,1,992
4571414698764,,発汗ウエストベルト,株式会社サンファミリー,,1,792
4571414699198,,首筋エアーストレッジ,株式会社サンファミリー,,1,992
4571414699396,,ふくらはぎエアーストレッジ,株式会社サンファミリー,,1,992
4571414699389,,Dr.PROフットエアーストレッチ,株式会社サンファミリー,,1,992
4571414698559,,平安美人,株式会社サンファミリー,,1,592
4571414698542,,江戸美人,株式会社サンファミリー,,1,592
4571414698535,,大正美人,株式会社サンファミリー,,1,592
4571414698566,,昭和美人,株式会社サンファミリー,,1,592
4571414692595,,体幹開脚ストレッチクッション,株式会社サンファミリー,,1,1311
4571414681803,L,シックスパックマッスルスパッツ,株式会社サンファミリー,,1,891
4571414696869,M,防災スリッパ守れ―ル,株式会社サンファミリー,,1,792
4571414696876,L,防災スリッパ守れ―ル,株式会社サンファミリー,,1,792
4571414698252,,肩ストレッチクッション,株式会社サンファミリー,,1,1192
4571414692625,,ｸﾋﾞｽｼﾞｽﾄﾚｯﾁくっしょん,株式会社サンファミリー,,1,1192
4571414697729,ネイビー,ゲルネックバンド,株式会社サンファミリー,,1,512
4571414696517,ブラック,カロリーブレス,株式会社サンファミリー,,1,512
4571414696500,ピンク,カロリーブレス,株式会社サンファミリー,,1,512
4571414698030,ブルー,首に巻けるアイスバック,株式会社サンファミリー,,1,512
4571414700712,ML,薄型シリコン骨盤ベルト,株式会社サンファミリー,,1,1116
4571414700719,LL,薄型シリコン骨盤ベルト,株式会社サンファミリー,,1,1116
4571414697101,ブラック,簡単装着薄型骨盤ベルト,株式会社サンファミリー,,1,576
4571414697088,ブラック,簡単装着薄型骨盤ベルト,株式会社サンファミリー,,1,576
4571414700726,,足裏ヘルシーサポート,株式会社サンファミリー,,1,666
4571414695602,ﾈｲﾋﾞｰ,ﾃｲﾊﾝﾊﾟﾂﾌｨｯﾄｸｯｼｮﾝ,株式会社サンファミリー,,1,792
4571414698573,ｸﾞﾚｰ,ｺｼｵｽﾌﾟﾚﾐｱﾑ,株式会社サンファミリー,,1,1992
4571414701594,ﾈｲﾋﾞｰ,ﾖｳﾂｳﾀｲｻｸｺﾂﾊﾞﾝｸｯｼｮﾝ,株式会社サンファミリー,,1,1192
4571414701617,ﾈｲﾋﾞｰ,ﾖｳﾂｳﾀｲｻｸｼｾｲｸｯｼｮﾝ,株式会社サンファミリー,,1,1992
4571414684637,YOZANV,ヨザ　ネイビー,株式会社サンファミリー,,1,792
