4580461606400,BA-6400,一般軟式グローブ　右投用,レジンクラフト株式会社,,1,1460
4580461606417,BA-6417,一般軟式グローブ　右投用,レジンクラフト株式会社,,1,1460
4580461606448,BA-6448,一般ソフトグローブ　右投用,レジンクラフト株式会社,,1,1760
4580461606509,BA-6509,子供用グローブ　右投用,レジンクラフト株式会社,,1,850
4562344331098,BA-1098,硬式テニスボール12P,レジンクラフト株式会社,,1,740
4545848110857,MN085,アンクルリストウェイト,ライテック株式会社,,16,640
4545848110864,MN086,アンクルリストウェイト,ライテック株式会社,,8,840
4545848110871,MN087,アンクルリストウェイト,ライテック株式会社,,6,1040
4545848110888,MN088,アンクルリストウェイト,ライテック株式会社,,4,1240
4545848100070,DP008,ﾈｵﾌﾟﾚｰﾝﾀﾞﾝﾍﾞﾙ１ｋｇ,ライテック株式会社,,20,300
4545848100087,DP009,ﾈｵﾌﾟﾚｰﾝﾀﾞﾝﾍﾞﾙ２ｋｇ,ライテック株式会社,,10,600
4545848100094,DP010,ﾈｵﾌﾟﾚｰﾝﾀﾞﾝﾍﾞﾙ３ｋｇ,ライテック株式会社,,6,900
4545848111366,ＭＮ156,ﾈｵﾌﾟﾚｰﾝﾀﾞﾝﾍﾞﾙ５ｋｇ,ライテック株式会社,,4,1500
4545848100476,DP048,ハンドグリッパー,ライテック株式会社,,72,140
4545848110833,MN083,ステップヘルシーボード,ライテック株式会社,,4,1800
4545848110857,MN085,アンクルリストウェイト,ライテック株式会社,,16,640
4545848110864,MN086,アンクルリストウェイト,ライテック株式会社,,8,840
4545848110871,MN087,アンクルリストウェイト,ライテック株式会社,,6,1040
4545848110888,MN088,アンクルリストウェイト,ライテック株式会社,,4,1240
4545848111175,MN085,ストレッチボール　２５㎝　青,ライテック株式会社,,60,640
4545848111199,MN086,ストレッチボール　４５㎝,ライテック株式会社,,12,840
4545848111205,MN087,ストレッチボール　５５㎝,ライテック株式会社,,12,1040
4545848111212,MN088,ストレッチボール　６５㎝,ライテック株式会社,,12,1240
4545848301101,DF110,名札入なわとび　３色アソート,ライテック株式会社,,240,100
4545848110192,MN019,ヘルスリンググリップ　２個入り,ライテック株式会社,,72,200
4545848111281,MN128,ヨガローラー　オレンジ,ライテック株式会社,,12,780
4545848111298,MN129,アジャスタブルハンドグリップ　オレンジ,ライテック株式会社,,48,400
4545848111366,MN136,エクササイズバンド　弱ピンク,ライテック株式会社,,48,240
4545848111373,MN137,エクササイズバンド　中ブルー,ライテック株式会社,,48,240
4545848111380,MN138,エクササイズバンド　強ブラック,ライテック株式会社,,48,240
4545848111410,MN141,トレーニングチューブ　弱,ライテック株式会社,,96,240
4545848111427,MN142,トレーニングチューブ　中,ライテック株式会社,,48,240
4545848111434,MN143,トレーニングチューブ　強,ライテック株式会社,,96,240
4545848111441,MN144,トレーニングループ　弱,ライテック株式会社,,96,240
4545848111458,MN145,トレーニングループ　中,ライテック株式会社,,96,240
4545848111465,MN146,トレーニングループ　強,ライテック株式会社,,96,240
4545848111496,MN149,ストレッチボール　７５㎝　ブラック,ライテック株式会社,,12,920
4545848111663,MN166,アジャスタブルハンドグリップ６０,ライテック株式会社,,48,480
4545848111717,MN171,スリムヨガローラー,ライテック株式会社,,30,520
4545848111724,MN172,ウォーキングアレー,ライテック株式会社,,16,480
4545848111731,MN173,ウォーキングアレー,ライテック株式会社,,10,800
4545848111748,MN174,ダンベルセット　オーバー１０,ライテック株式会社,,2,3600
4545848101077,DP107,エクササイズウィル,ライテック株式会社,,24,520
4545848110093,MN009,プッシュアップバー,ライテック株式会社,,18,560
4545848111809,MN180,足踏ボード,ライテック株式会社,,40,360
4545848700317,MS031,ﾊﾞｽｹｯﾄﾎﾞｰﾙﾘﾝｸﾞｾｯﾄ,ライテック株式会社,,6,1520
4545848700294,MS039,ﾎﾞｰﾙﾎﾟﾝﾌﾟ,ライテック株式会社,,96,250
4545848701505,MS150,ラバーバスケットボール,ライテック株式会社,,25,650
4545848701550,MS155,エンジョイダーツセット,ライテック株式会社,,24,800
4545848701703,MS170,ラバーバスケットボール,ライテック株式会社,,25,650
